Workbook

Sheet Legende
A1: SUIVI DE SAISON U18 - JOURNAL CONTINU
A3: Principe
A4: Un seul classeur pour toute la saison, pour les deux effectifs (Équipe 1 et Équipe 2). Chaque match reçoit un numéro ("N° Match") dans l'onglet Matchs, reporté ensuite dans les autres onglets pour rattacher chaque ligne (convocation, but, carton, changement) au bon match. Les stats de saison et le suivi des renforts se mettent à jour tout seuls.
A6: Effectif Saison | B6: Liste unique des joueurs des deux équipes, avec leur équipe habituelle (Équipe 1 / Équipe 2), saisie une fois en début de saison.
A8: Matchs | B8: Un match = une ligne. Le N° Match est automatique. Le nombre de convoqués et le nombre de renforts venus de l'Équipe 1 se calculent seuls, avec une alerte si vous dépassez 14 convoqués. Renseignez "Niveau adversaire" et "Classement adversaire" (manuel, facultatif) : un bilan victoires/nuls/défaites par niveau se calcule automatiquement à droite du tableau.
A10: Convocations & Temps de jeu | B10: Une ligne par passage sur le terrain. Un joueur qui sort et rentre plusieurs fois (courant en U18) prend simplement une ligne de plus pour le même match. La colonne "Équipe habituelle" repère automatiquement les renforts de l'Équipe 1.
A12: Buts | B12: Une ligne par but, rattachée à un N° Match. Le type de but se choisit dans une liste (Jeu, Tête, Penalty, Coup franc, CSC, Autre).
A14: Cartons | B14: Une ligne par carton, rattachée à un N° Match.
A16: Changements | B16: Journal désormais 100% automatique : reconstruit à partir de l'onglet "Convocations & Temps de jeu" (Minute entrée / Minute sortie), pour garder une trace chronologique lisible sans ressaisir les changements. Rien à remplir dans cet onglet. Le rapprochement Sort/Entre se fait par match + minute (et par ordre en cas de plusieurs changements à la même minute).
A18: Gardien | B18: Une ligne par match (deux lignes si deux gardiens se sont partagé la rencontre). Le clean sheet et le contrôle vs score encaissé se calculent seuls ; ces stats remontent aussi dans le Cumul Saison (matchs gardés, clean sheets, buts encaissés).
A20: Cumul Saison | B20: 100% automatique : totaux par joueur (équipe habituelle, matchs joués, buts, passes, cartons, temps de jeu), quelle que soit l'équipe pour laquelle il a joué. Inclut aussi le taux de convocation/titularisation, le temps de jeu moyen, l'historique des motifs d'absence, et pour les gardiens : matchs gardés, clean sheets, buts encaissés.
A23: Suivi des renforts
A25: Ce classeur suit les convocations de l'Équipe 2. Un joueur de l'Équipe 1 appelé en renfort apparaît normalement dans "Convocations & Temps de jeu" comme n'importe quel joueur : la colonne "Équipe habituelle" le repère automatiquement (grâce à l'onglet Effectif Saison), et l'onglet Matchs compte le nombre de renforts par match. Ses stats individuelles (buts, passes, temps de jeu) restent suivies comme celles de tout autre joueur dans le Cumul Saison.
A27: A savoir
A29: • | B29: Choisissez toujours le joueur dans la liste déroulante (ne retapez pas son nom à la main) : cela garantit que les stats de saison et le suivi des renforts le retrouvent correctement.
A30: • | B30: Le N° Match se choisit aussi dans une liste déroulante, alimentée par l'onglet Matchs.
A31: • | B31: Un joueur qui sort et rentre plusieurs fois dans le même match (fréquent en U18) prend une ligne par passage dans "Convocations & Temps de jeu" : même N° Match, même joueur, juste un "N° de passage" différent (1, 2, 3...). Le temps de jeu total du joueur additionne alors tous ses passages, sur tous les matchs.
A32: • | B32: Pour ajouter un match au-delà du numéro 30, ou un joueur au-delà de 30, il suffit d'étirer les formules d'une ligne vers le bas.
A34: Code couleur
A36: Exemple | B36: Texte bleu : cellule à remplir manuellement
A37: Exemple | B37: Texte noir : cellule calculée automatiquement (ne pas modifier)
A38: Exemple | B38: Fond jaune pâle : ligne d'exemple, à remplacer par vos données
A39: Exemple | B39: Fond jaune vif : cellule clé (ex. durée du match)
A40: Exemple | B40: Fond rouge : alerte (ex. plus de 14 joueurs convoqués)

Sheet Effectif Saison
A1: EFFECTIF SAISON (EQUIPE 1 + EQUIPE 2)
A3: Nom | B3: Prénom | C3: Poste | D3: Équipe | E3: Nom complet
A4: MICHON | B4: Alan | D4: Équipe 1 | E4: =IF(B4="","",B4&" "&A4) -> Alan MICHON
A5: BRUNTZ | B5: Jean | D5: Équipe 1 | E5: =IF(B5="","",B5&" "&A5) -> Jean BRUNTZ
A6: SBK | B6: Marouane | D6: Équipe 1 | E6: =IF(B6="","",B6&" "&A6) -> Marouane SBK
A7: BIHL | B7: Noé | D7: Équipe 1 | E7: =IF(B7="","",B7&" "&A7) -> Noé BIHL
A8: COLAIANNI | B8: Luca | D8: Équipe 1 | E8: =IF(B8="","",B8&" "&A8) -> Luca COLAIANNI
A9: ER | B9: Atilla | D9: Équipe 1 | E9: =IF(B9="","",B9&" "&A9) -> Atilla ER
A10: BUHR | B10: Lucas | D10: Équipe 1 | E10: =IF(B10="","",B10&" "&A10) -> Lucas BUHR
A11: HOUX | B11: Yanis | D11: Équipe 1 | E11: =IF(B11="","",B11&" "&A11) -> Yanis HOUX
A12: COLAIANNI | B12: Tino | D12: Équipe 1 | E12: =IF(B12="","",B12&" "&A12) -> Tino COLAIANNI
A13: KELLERKNECHT | B13: Achille | D13: Équipe 1 | E13: =IF(B13="","",B13&" "&A13) -> Achille KELLERKNECHT
A14: LEPERT | B14: Charly | D14: Équipe 1 | E14: =IF(B14="","",B14&" "&A14) -> Charly LEPERT
A15: STANGRET | B15: Basile | D15: Équipe 1 | E15: =IF(B15="","",B15&" "&A15) -> Basile STANGRET
... A41: WIOLAND | B41: Anthony | D41: Équipe 2 | E41: =IF(B41="","",B41&" "&A41) -> Anthony WIOLAND
E42: =IF(B42="","",B42&" "&A42)
E43: =IF(B43="","",B43&" "&A43)
E44: =IF(B44="","",B44&" "&A44)
E45: =IF(B45="","",B45&" "&A45)
E46: =IF(B46="","",B46&" "&A46)
E47: =IF(B47="","",B47&" "&A47)
E48: =IF(B48="","",B48&" "&A48)
E49: =IF(B49="","",B49&" "&A49)
E50: =IF(B50="","",B50&" "&A50)
E51: =IF(B51="","",B51&" "&A51)

Sheet Matchs
A1: MATCHS DE LA SAISON (EQUIPE 2) | O1: Bilan par niveau d'adversaire (100% automatique)
A3: N° Match | B3: Date | C3: Adversaire | D3: Compétition | E3: Lieu | F3: Durée (min) | G3: Score Nous | H3: Score Adverse | I3: Convoqués | J3: Dont renforts Éq.1 | K3: Alerte | L3: Niveau adversaire | M3: Classement adversaire | O3: Niveau | P3: Matchs joués (score renseigné) | Q3: Victoires | R3: Nuls | S3: Défaites | T3: % Victoires
A4: =ROW()-3 -> 1 | I4: =COUNTIFS('Convocations & Temps de jeu'!$A$4:$A$675,A4,'Convocations & Temps de jeu'!$C$4:$C$675,"Oui") -> 0 | J4: =COUNTIFS('Convocations & Temps de jeu'!$A$4:$A$675,A4,'Convocations & Temps de jeu'!$C$4:$C$675,"Oui",'Convocations & Temps de jeu'!$G$4:$G$675,"Équipe 1") -> 0 | K4: =IF(I4>14,"⚠ Plus de 14 convoqués","") | O4: Plus fort | P4: =Q4+R4+S4 -> 0 | Q4: =SUMPRODUCT(($L$4:$L$31=O4)*($G$4:$G$31>$H$4:$H$31)*ISNUMBER($G$4:$G$31)*ISNUMBER($H$4:$H$31)) -> 0 | R4: =SUMPRODUCT(($L$4:$L$31=O4)*($G$4:$G$31=$H$4:$H$31)*ISNUMBER($G$4:$G$31)*ISNUMBER($H$4:$H$31)) -> 0 | S4: =SUMPRODUCT(($L$4:$L$31=O4)*($G$4:$G$31<$H$4:$H$31)*ISNUMBER($G$4:$G$31)*ISNUMBER($H$4:$H$31)) -> 0 | T4: =IF(P4=0,"",Q4/P4)
A5: =ROW()-3 -> 2 | G5: =IF(B5="","",COUNTIFS(Buts!$A$4:$A$151,A5,Buts!$E$4:$E$151,"Nous")) | H5: =IF(B5="","",COUNTIFS(Buts!$A$4:$A$151,A5,Buts!$E$4:$E$151,"Adverse")) | I5: =IF(B5="","",COUNTIFS('Convocations & Temps de jeu'!$A$4:$A$675,A5,'Convocations & Temps de jeu'!$C$4:$C$675,"Oui")) | J5: =IF(B5="","",COUNTIFS('Convocations & Temps de jeu'!$A$4:$A$675,A5,'Convocations & Temps de jeu'!$C$4:$C$675,"Oui",'Convocations & Temps de jeu'!$G$4:$G$675,"Équipe 1")) | K5: =IF(I5="","",IF(I5>14,"⚠ Plus de 14 convoqués","")) | O5: Similaire | P5: =Q5+R5+S5 -> 0 | Q5: =SUMPRODUCT(($L$4:$L$31=O5)*($G$4:$G$31>$H$4:$H$31)*ISNUMBER($G$4:$G$31)*ISNUMBER($H$4:$H$31)) -> 0 | R5: =SUMPRODUCT(($L$4:$L$31=O5)*($G$4:$G$31=$H$4:$H$31)*ISNUMBER($G$4:$G$31)*ISNUMBER($H$4:$H$31)) -> 0 | S5: =SUMPRODUCT(($L$4:$L$31=O5)*($G$4:$G$31<$H$4:$H$31)*ISNUMBER($G$4:$G$31)*ISNUMBER($H$4:$H$31)) -> 0 | T5: =IF(P5=0,"",Q5/P5)
A6: =ROW()-3 -> 3 | G6: =IF(B6="","",COUNTIFS(Buts!$A$4:$A$151,A6,Buts!$E$4:$E$151,"Nous")) | H6: =IF(B6="","",COUNTIFS(Buts!$A$4:$A$151,A6,Buts!$E$4:$E$151,"Adverse")) | I6: =IF(B6="","",COUNTIFS('Convocations & Temps de jeu'!$A$4:$A$675,A6,'Convocations & Temps de jeu'!$C$4:$C$675,"Oui")) | J6: =IF(B6="","",COUNTIFS('Convocations & Temps de jeu'!$A$4:$A$675,A6,'Convocations & Temps de jeu'!$C$4:$C$675,"Oui",'Convocations & Temps de jeu'!$G$4:$G$675,"Équipe 1")) | K6: =IF(I6="","",IF(I6>14,"⚠ Plus de 14 convoqués","")) | O6: Plus faible | P6: =Q6+R6+S6 -> 0 | Q6: =SUMPRODUCT(($L$4:$L$31=O6)*($G$4:$G$31>$H$4:$H$31)*ISNUMBER($G$4:$G$31)*ISNUMBER($H$4:$H$31)) -> 0 | R6: =SUMPRODUCT(($L$4:$L$31=O6)*($G$4:$G$31=$H$4:$H$31)*ISNUMBER($G$4:$G$31)*ISNUMBER($H$4:$H$31)) -> 0 | S6: =SUMPRODUCT(($L$4:$L$31=O6)*($G$4:$G$31<$H$4:$H$31)*ISNUMBER($G$4:$G$31)*ISNUMBER($H$4:$H$31)) -> 0 | T6: =IF(P6=0,"",Q6/P6)
A7: =ROW()-3 -> 4 | G7: =IF(B7="","",COUNTIFS(Buts!$A$4:$A$151,A7,Buts!$E$4:$E$151,"Nous")) | H7: =IF(B7="","",COUNTIFS(Buts!$A$4:$A$151,A7,Buts!$E$4:$E$151,"Adverse")) | I7: =IF(B7="","",COUNTIFS('Convocations & Temps de jeu'!$A$4:$A$675,A7,'Convocations & Temps de jeu'!$C$4:$C$675,"Oui")) | J7: =IF(B7="","",COUNTIFS('Convocations & Temps de jeu'!$A$4:$A$675,A7,'Convocations & Temps de jeu'!$C$4:$C$675,"Oui",'Convocations & Temps de jeu'!$G$4:$G$675,"Équipe 1")) | K7: =IF(I7="","",IF(I7>14,"⚠ Plus de 14 convoqués","")) | O7: Inconnu | P7: =Q7+R7+S7 -> 0 | Q7: =SUMPRODUCT(($L$4:$L$31=O7)*($G$4:$G$31>$H$4:$H$31)*ISNUMBER($G$4:$G$31)*ISNUMBER($H$4:$H$31)) -> 0 | R7: =SUMPRODUCT(($L$4:$L$31=O7)*($G$4:$G$31=$H$4:$H$31)*ISNUMBER($G$4:$G$31)*ISNUMBER($H$4:$H$31)) -> 0 | S7: =SUMPRODUCT(($L$4:$L$31=O7)*($G$4:$G$31<$H$4:$H$31)*ISNUMBER($G$4:$G$31)*ISNUMBER($H$4:$H$31)) -> 0 | T7: =IF(P7=0,"",Q7/P7)
A8: =ROW()-3 -> 5 | G8: =IF(B8="","",COUNTIFS(Buts!$A$4:$A$151,A8,Buts!$E$4:$E$151,"Nous")) | H8: =IF(B8="","",COUNTIFS(Buts!$A$4:$A$151,A8,Buts!$E$4:$E$151,"Adverse")) | I8: =IF(B8="","",COUNTIFS('Convocations & Temps de jeu'!$A$4:$A$675,A8,'Convocations & Temps de jeu'!$C$4:$C$675,"Oui")) | J8: =IF(B8="","",COUNTIFS('Convocations & Temps de jeu'!$A$4:$A$675,A8,'Convocations & Temps de jeu'!$C$4:$C$675,"Oui",'Convocations & Temps de jeu'!$G$4:$G$675,"Équipe 1")) | K8: =IF(I8="","",IF(I8>14,"⚠ Plus de 14 convoqués",""))
A9: =ROW()-3 -> 6 | G9: =IF(B9="","",COUNTIFS(Buts!$A$4:$A$151,A9,Buts!$E$4:$E$151,"Nous")) | H9: =IF(B9="","",COUNTIFS(Buts!$A$4:$A$151,A9,Buts!$E$4:$E$151,"Adverse")) | I9: =IF(B9="","",COUNTIFS('Convocations & Temps de jeu'!$A$4:$A$675,A9,'Convocations & Temps de jeu'!$C$4:$C$675,"Oui")) | J9: =IF(B9="","",COUNTIFS('Convocations & Temps de jeu'!$A$4:$A$675,A9,'Convocations & Temps de jeu'!$C$4:$C$675,"Oui",'Convocations & Temps de jeu'!$G$4:$G$675,"Équipe 1")) | K9: =IF(I9="","",IF(I9>14,"⚠ Plus de 14 convoqués",""))
A10: =ROW()-3 -> 7 | G10: =IF(B10="","",COUNTIFS(Buts!$A$4:$A$151,A10,Buts!$E$4:$E$151,"Nous")) | H10: =IF(B10="","",COUNTIFS(Buts!$A$4:$A$151,A10,Buts!$E$4:$E$151,"Adverse")) | I10: =IF(B10="","",COUNTIFS('Convocations & Temps de jeu'!$A$4:$A$675,A10,'Convocations & Temps de jeu'!$C$4:$C$675,"Oui")) | J10: =IF(B10="","",COUNTIFS('Convocations & Temps de jeu'!$A$4:$A$675,A10,'Convocations & Temps de jeu'!$C$4:$C$675,"Oui",'Convocations & Temps de jeu'!$G$4:$G$675,"Équipe 1")) | K10: =IF(I10="","",IF(I10>14,"⚠ Plus de 14 convoqués",""))
A11: =ROW()-3 -> 8 | G11: =IF(B11="","",COUNTIFS(Buts!$A$4:$A$151,A11,Buts!$E$4:$E$151,"Nous")) | H11: =IF(B11="","",COUNTIFS(Buts!$A$4:$A$151,A11,Buts!$E$4:$E$151,"Adverse")) | I11: =IF(B11="","",COUNTIFS('Convocations & Temps de jeu'!$A$4:$A$675,A11,'Convocations & Temps de jeu'!$C$4:$C$675,"Oui")) | J11: =IF(B11="","",COUNTIFS('Convocations & Temps de jeu'!$A$4:$A$675,A11,'Convocations & Temps de jeu'!$C$4:$C$675,"Oui",'Convocations & Temps de jeu'!$G$4:$G$675,"Équipe 1")) | K11: =IF(I11="","",IF(I11>14,"⚠ Plus de 14 convoqués",""))
A12: =ROW()-3 -> 9 | G12: =IF(B12="","",COUNTIFS(Buts!$A$4:$A$151,A12,Buts!$E$4:$E$151,"Nous")) | H12: =IF(B12="","",COUNTIFS(Buts!$A$4:$A$151,A12,Buts!$E$4:$E$151,"Adverse")) | I12: =IF(B12="","",COUNTIFS('Convocations & Temps de jeu'!$A$4:$A$675,A12,'Convocations & Temps de jeu'!$C$4:$C$675,"Oui")) | J12: =IF(B12="","",COUNTIFS('Convocations & Temps de jeu'!$A$4:$A$675,A12,'Convocations & Temps de jeu'!$C$4:$C$675,"Oui",'Convocations & Temps de jeu'!$G$4:$G$675,"Équipe 1")) | K12: =IF(I12="","",IF(I12>14,"⚠ Plus de 14 convoqués",""))
A13: =ROW()-3 -> 10 | G13: =IF(B13="","",COUNTIFS(Buts!$A$4:$A$151,A13,Buts!$E$4:$E$151,"Nous")) | H13: =IF(B13="","",COUNTIFS(Buts!$A$4:$A$151,A13,Buts!$E$4:$E$151,"Adverse")) | I13: =IF(B13="","",COUNTIFS('Convocations & Temps de jeu'!$A$4:$A$675,A13,'Convocations & Temps de jeu'!$C$4:$C$675,"Oui")) | J13: =IF(B13="","",COUNTIFS('Convocations & Temps de jeu'!$A$4:$A$675,A13,'Convocations & Temps de jeu'!$C$4:$C$675,"Oui",'Convocations & Temps de jeu'!$G$4:$G$675,"Équipe 1")) | K13: =IF(I13="","",IF(I13>14,"⚠ Plus de 14 convoqués",""))
A14: =ROW()-3 -> 11 | G14: =IF(B14="","",COUNTIFS(Buts!$A$4:$A$151,A14,Buts!$E$4:$E$151,"Nous")) | H14: =IF(B14="","",COUNTIFS(Buts!$A$4:$A$151,A14,Buts!$E$4:$E$151,"Adverse")) | I14: =IF(B14="","",COUNTIFS('Convocations & Temps de jeu'!$A$4:$A$675,A14,'Convocations & Temps de jeu'!$C$4:$C$675,"Oui")) | J14: =IF(B14="","",COUNTIFS('Convocations & Temps de jeu'!$A$4:$A$675,A14,'Convocations & Temps de jeu'!$C$4:$C$675,"Oui",'Convocations & Temps de jeu'!$G$4:$G$675,"Équipe 1")) | K14: =IF(I14="","",IF(I14>14,"⚠ Plus de 14 convoqués",""))
A15: =ROW()-3 -> 12 | G15: =IF(B15="","",COUNTIFS(Buts!$A$4:$A$151,A15,Buts!$E$4:$E$151,"Nous")) | H15: =IF(B15="","",COUNTIFS(Buts!$A$4:$A$151,A15,Buts!$E$4:$E$151,"Adverse")) | I15: =IF(B15="","",COUNTIFS('Convocations & Temps de jeu'!$A$4:$A$675,A15,'Convocations & Temps de jeu'!$C$4:$C$675,"Oui")) | J15: =IF(B15="","",COUNTIFS('Convocations & Temps de jeu'!$A$4:$A$675,A15,'Convocations & Temps de jeu'!$C$4:$C$675,"Oui",'Convocations & Temps de jeu'!$G$4:$G$675,"Équipe 1")) | K15: =IF(I15="","",IF(I15>14,"⚠ Plus de 14 convoqués",""))
A16: =ROW()-3 -> 13 | G16: =IF(B16="","",COUNTIFS(Buts!$A$4:$A$151,A16,Buts!$E$4:$E$151,"Nous")) | H16: =IF(B16="","",COUNTIFS(Buts!$A$4:$A$151,A16,Buts!$E$4:$E$151,"Adverse")) | I16: =IF(B16="","",COUNTIFS('Convocations & Temps de jeu'!$A$4:$A$675,A16,'Convocations & Temps de jeu'!$C$4:$C$675,"Oui")) | J16: =IF(B16="","",COUNTIFS('Convocations & Temps de jeu'!$A$4:$A$675,A16,'Convocations & Temps de jeu'!$C$4:$C$675,"Oui",'Convocations & Temps de jeu'!$G$4:$G$675,"Équipe 1")) | K16: =IF(I16="","",IF(I16>14,"⚠ Plus de 14 convoqués",""))
A17: =ROW()-3 -> 14 | G17: =IF(B17="","",COUNTIFS(Buts!$A$4:$A$151,A17,Buts!$E$4:$E$151,"Nous")) | H17: =IF(B17="","",COUNTIFS(Buts!$A$4:$A$151,A17,Buts!$E$4:$E$151,"Adverse")) | I17: =IF(B17="","",COUNTIFS('Convocations & Temps de jeu'!$A$4:$A$675,A17,'Convocations & Temps de jeu'!$C$4:$C$675,"Oui")) | J17: =IF(B17="","",COUNTIFS('Convocations & Temps de jeu'!$A$4:$A$675,A17,'Convocations & Temps de jeu'!$C$4:$C$675,"Oui",'Convocations & Temps de jeu'!$G$4:$G$675,"Équipe 1")) | K17: =IF(I17="","",IF(I17>14,"⚠ Plus de 14 convoqués",""))
A18: =ROW()-3 -> 15 | G18: =IF(B18="","",COUNTIFS(Buts!$A$4:$A$151,A18,Buts!$E$4:$E$151,"Nous")) | H18: =IF(B18="","",COUNTIFS(Buts!$A$4:$A$151,A18,Buts!$E$4:$E$151,"Adverse")) | I18: =IF(B18="","",COUNTIFS('Convocations & Temps de jeu'!$A$4:$A$675,A18,'Convocations & Temps de jeu'!$C$4:$C$675,"Oui")) | J18: =IF(B18="","",COUNTIFS('Convocations & Temps de jeu'!$A$4:$A$675,A18,'Convocations & Temps de jeu'!$C$4:$C$675,"Oui",'Convocations & Temps de jeu'!$G$4:$G$675,"Équipe 1")) | K18: =IF(I18="","",IF(I18>14,"⚠ Plus de 14 convoqués",""))
A19: =ROW()-3 -> 16 | G19: =IF(B19="","",COUNTIFS(Buts!$A$4:$A$151,A19,Buts!$E$4:$E$151,"Nous")) | H19: =IF(B19="","",COUNTIFS(Buts!$A$4:$A$151,A19,Buts!$E$4:$E$151,"Adverse")) | I19: =IF(B19="","",COUNTIFS('Convocations & Temps de jeu'!$A$4:$A$675,A19,'Convocations & Temps de jeu'!$C$4:$C$675,"Oui")) | J19: =IF(B19="","",COUNTIFS('Convocations & Temps de jeu'!$A$4:$A$675,A19,'Convocations & Temps de jeu'!$C$4:$C$675,"Oui",'Convocations & Temps de jeu'!$G$4:$G$675,"Équipe 1")) | K19: =IF(I19="","",IF(I19>14,"⚠ Plus de 14 convoqués",""))
... A31: =ROW()-3 -> 28 | G31: =IF(B31="","",COUNTIFS(Buts!$A$4:$A$151,A31,Buts!$E$4:$E$151,"Nous")) | H31: =IF(B31="","",COUNTIFS(Buts!$A$4:$A$151,A31,Buts!$E$4:$E$151,"Adverse")) | I31: =IF(B31="","",COUNTIFS('Convocations & Temps de jeu'!$A$4:$A$675,A31,'Convocations & Temps de jeu'!$C$4:$C$675,"Oui")) | J31: =IF(B31="","",COUNTIFS('Convocations & Temps de jeu'!$A$4:$A$675,A31,'Convocations & Temps de jeu'!$C$4:$C$675,"Oui",'Convocations & Temps de jeu'!$G$4:$G$675,"Équipe 1")) | K31: =IF(I31="","",IF(I31>14,"⚠ Plus de 14 convoqués",""))

Sheet Buts
A1: BUTS ET PASSES DECISIVES
A2: Astuce : choisissez le N° Match et les joueurs dans les listes déroulantes.
A3: N° Match | B3: Minute | C3: Buteur | D3: Passeur décisif | E3: Camp | F3: Type

Sheet Cartons
A1: CARTONS
A2: Astuce : choisissez le N° Match et le joueur dans les listes déroulantes.
A3: N° Match | B3: Minute | C3: Joueur | D3: Équipe | E3: Type | F3: Motif

Sheet Gardien
A1: GARDIEN (suivi buts encaissés / clean sheets)
A2: Astuce : une ligne par match. Si deux gardiens se sont partagé le match, faites une ligne par gardien (le contrôle en colonne G signale un écart avec le score encaissé du match).
A3: N° Match | B3: Gardien | C3: Buts encaissés | D3: Clean sheet | E3: Arrêts (optionnel) | F3: Observations | G3: Contrôle (technique)
D4: =IF(C4="","",IF(C4=0,"Oui","Non")) -> Non | G4: =IF(A4="","",IF(SUMIFS($C$4:$C$500,$A$4:$A$500,A4)=IFERROR(INDEX(Matchs!$H$4:$H$31,MATCH(A4,Matchs!$A$4:$A$31,0)),""),"OK","⚠ Vérifier vs score adverse")) -> OK
D5: =IF(C5="","",IF(C5=0,"Oui","Non")) | G5: =IF(A5="","",IF(SUMIFS($C$4:$C$500,$A$4:$A$500,A5)=IFERROR(INDEX(Matchs!$H$4:$H$31,MATCH(A5,Matchs!$A$4:$A$31,0)),""),"OK","⚠ Vérifier vs score adverse"))
D6: =IF(C6="","",IF(C6=0,"Oui","Non")) | G6: =IF(A6="","",IF(SUMIFS($C$4:$C$500,$A$4:$A$500,A6)=IFERROR(INDEX(Matchs!$H$4:$H$31,MATCH(A6,Matchs!$A$4:$A$31,0)),""),"OK","⚠ Vérifier vs score adverse"))
D7: =IF(C7="","",IF(C7=0,"Oui","Non")) | G7: =IF(A7="","",IF(SUMIFS($C$4:$C$500,$A$4:$A$500,A7)=IFERROR(INDEX(Matchs!$H$4:$H$31,MATCH(A7,Matchs!$A$4:$A$31,0)),""),"OK","⚠ Vérifier vs score adverse"))
D8: =IF(C8="","",IF(C8=0,"Oui","Non")) | G8: =IF(A8="","",IF(SUMIFS($C$4:$C$500,$A$4:$A$500,A8)=IFERROR(INDEX(Matchs!$H$4:$H$31,MATCH(A8,Matchs!$A$4:$A$31,0)),""),"OK","⚠ Vérifier vs score adverse"))
D9: =IF(C9="","",IF(C9=0,"Oui","Non")) | G9: =IF(A9="","",IF(SUMIFS($C$4:$C$500,$A$4:$A$500,A9)=IFERROR(INDEX(Matchs!$H$4:$H$31,MATCH(A9,Matchs!$A$4:$A$31,0)),""),"OK","⚠ Vérifier vs score adverse"))
D10: =IF(C10="","",IF(C10=0,"Oui","Non")) | G10: =IF(A10="","",IF(SUMIFS($C$4:$C$500,$A$4:$A$500,A10)=IFERROR(INDEX(Matchs!$H$4:$H$31,MATCH(A10,Matchs!$A$4:$A$31,0)),""),"OK","⚠ Vérifier vs score adverse"))
D11: =IF(C11="","",IF(C11=0,"Oui","Non")) | G11: =IF(A11="","",IF(SUMIFS($C$4:$C$500,$A$4:$A$500,A11)=IFERROR(INDEX(Matchs!$H$4:$H$31,MATCH(A11,Matchs!$A$4:$A$31,0)),""),"OK","⚠ Vérifier vs score adverse"))
D12: =IF(C12="","",IF(C12=0,"Oui","Non")) | G12: =IF(A12="","",IF(SUMIFS($C$4:$C$500,$A$4:$A$500,A12)=IFERROR(INDEX(Matchs!$H$4:$H$31,MATCH(A12,Matchs!$A$4:$A$31,0)),""),"OK","⚠ Vérifier vs score adverse"))
D13: =IF(C13="","",IF(C13=0,"Oui","Non")) | G13: =IF(A13="","",IF(SUMIFS($C$4:$C$500,$A$4:$A$500,A13)=IFERROR(INDEX(Matchs!$H$4:$H$31,MATCH(A13,Matchs!$A$4:$A$31,0)),""),"OK","⚠ Vérifier vs score adverse"))
D14: =IF(C14="","",IF(C14=0,"Oui","Non")) | G14: =IF(A14="","",IF(SUMIFS($C$4:$C$500,$A$4:$A$500,A14)=IFERROR(INDEX(Matchs!$H$4:$H$31,MATCH(A14,Matchs!$A$4:$A$31,0)),""),"OK","⚠ Vérifier vs score adverse"))
D15: =IF(C15="","",IF(C15=0,"Oui","Non")) | G15: =IF(A15="","",IF(SUMIFS($C$4:$C$500,$A$4:$A$500,A15)=IFERROR(INDEX(Matchs!$H$4:$H$31,MATCH(A15,Matchs!$A$4:$A$31,0)),""),"OK","⚠ Vérifier vs score adverse"))
... D500: =IF(C500="","",IF(C500=0,"Oui","Non")) | G500: =IF(A500="","",IF(SUMIFS($C$4:$C$500,$A$4:$A$500,A500)=IFERROR(INDEX(Matchs!$H$4:$H$31,MATCH(A500,Matchs!$A$4:$A$31,0)),""),"OK","⚠ Vérifier vs score adverse"))

Sheet Changements
A1: CHANGEMENTS (saisie manuelle, à recopier depuis votre feuille de match)
A2: Recopiez ici votre relevé papier tel quel : une ligne par changement (Minute, Joueur sorti, Joueur entré), avec le N° Match. Le temps de jeu de chaque joueur se calcule automatiquement dans l'onglet "Convocations & Temps de jeu", même s'il sort et rentre plusieurs fois.
A3: N° Match | B3: Minute | C3: Joueur sorti | D3: Joueur entré | F3: Ligne sortie (technique) | G3: Clé recherche (technique)

Sheet Convocations & Temps de jeu
A1: CONVOCATIONS ET TEMPS DE JEU (une ligne par passage sur le terrain)
A2: Astuce : les 19 joueurs Équipe 2 sont pré-remplis automatiquement pour chaque match (lignes fixes). Ne saisissez plus aucune minute ici : renseignez chaque changement (Minute, Joueur sorti, Joueur entré) dans l'onglet "Changements" -- le temps de jeu se calcule tout seul, même si un joueur sort et rentre plusieurs fois dans le match. Les 5 lignes libres en bas de chaque bloc servent uniquement aux renforts de l'Équipe 1 (ou à un joueur Équipe 2 en plus si besoin) : choisissez le joueur dans la liste déroulante.
A3: N° Match | B3: Joueur | C3: Convoqué | D3: Motif absence | E3: Titulaire | F3: Contrôle temps de jeu (technique) | G3: Équipe habituelle | H3: Minute d'entrée (info, calculée) | I3: Minute de sortie (info, calculée) | J3: Temps de jeu (min) | K3: Match unique (technique) | L3: Nb entrées (technique) | M3: Nb sorties (technique) | N3: Somme minutes entrée (technique) | O3: Somme minutes sortie (technique) | P3: Convocation unique (technique) | Q3: Titularisation unique (technique)
A4: =INT((ROW()-4)/24)+1 -> 1 | B4: =INDEX('Effectif Saison'!$E$4:$E$22,1) -> Alan MICHON | F4: =IF(B4="","",IF(AND(E4="Oui",COUNTIFS(Changements!$A:$A,A4,Changements!$D:$D,B4)>0),"⚠ Titulaire+entrée ?",IF(ABS(L4-M4)>1,"⚠ vérifier",""))) | G4: =IF(B4="","",IFERROR(INDEX('Effectif Saison'!$D$4:$D$51,MATCH(B4,'Effectif Saison'!$E$4:$E$51,0)),"")) -> Équipe 1 | H4: =IF(L4=0,"",IF(E4="Oui",0,IFERROR(_xlfn.MINIFS(Changements!$B:$B,Changements!$A:$A,A4,Changements!$D:$D,B4),""))) | I4: =IF(M4=0,"",IFERROR(_xlfn.MAXIFS(Changements!$B:$B,Changements!$A:$A,A4,Changements!$C:$C,B4),"")) | J4: =IF(OR(B4="",C4<>"Oui"),"",O4-N4) | K4: =IF(AND(B4<>"",ISNUMBER(J4)),1,0) -> 0 | L4: =IF(B4="",0,COUNTIFS(Changements!$A:$A,A4,Changements!$D:$D,B4)+IF(E4="Oui",1,0)) -> 0 | M4: =IF(B4="",0,COUNTIFS(Changements!$A:$A,A4,Changements!$C:$C,B4)) -> 0 | N4: =IF(B4="",0,SUMIFS(Changements!$B:$B,Changements!$A:$A,A4,Changements!$D:$D,B4)) -> 0 | O4: =IF(B4="",0,SUMIFS(Changements!$B:$B,Changements!$A:$A,A4,Changements!$C:$C,B4)+IF(L4>M4,IFERROR(INDEX(Matchs!$F$4:$F$31,MATCH(A4,Matchs!$A$4:$A$31,0)),0),0)) -> 0 | P4: =IF(AND(B4<>"",C4="Oui"),1,0) -> 0 | Q4: =IF(AND(B4<>"",E4="Oui"),1,0) -> 0
A5: =INT((ROW()-4)/24)+1 -> 1 | B5: =INDEX('Effectif Saison'!$E$4:$E$22,2) -> Jean BRUNTZ | F5: =IF(B5="","",IF(AND(E5="Oui",COUNTIFS(Changements!$A:$A,A5,Changements!$D:$D,B5)>0),"⚠ Titulaire+entrée ?",IF(ABS(L5-M5)>1,"⚠ vérifier",""))) | G5: =IF(B5="","",IFERROR(INDEX('Effectif Saison'!$D$4:$D$51,MATCH(B5,'Effectif Saison'!$E$4:$E$51,0)),"")) -> Équipe 1 | H5: =IF(L5=0,"",IF(E5="Oui",0,IFERROR(_xlfn.MINIFS(Changements!$B:$B,Changements!$A:$A,A5,Changements!$D:$D,B5),""))) | I5: =IF(M5=0,"",IFERROR(_xlfn.MAXIFS(Changements!$B:$B,Changements!$A:$A,A5,Changements!$C:$C,B5),"")) | J5: =IF(OR(B5="",C5<>"Oui"),"",O5-N5) | K5: =IF(AND(B5<>"",ISNUMBER(J5)),1,0) -> 0 | L5: =IF(B5="",0,COUNTIFS(Changements!$A:$A,A5,Changements!$D:$D,B5)+IF(E5="Oui",1,0)) -> 0 | M5: =IF(B5="",0,COUNTIFS(Changements!$A:$A,A5,Changements!$C:$C,B5)) -> 0 | N5: =IF(B5="",0,SUMIFS(Changements!$B:$B,Changements!$A:$A,A5,Changements!$D:$D,B5)) -> 0 | O5: =IF(B5="",0,SUMIFS(Changements!$B:$B,Changements!$A:$A,A5,Changements!$C:$C,B5)+IF(L5>M5,IFERROR(INDEX(Matchs!$F$4:$F$31,MATCH(A5,Matchs!$A$4:$A$31,0)),0),0)) -> 0 | P5: =IF(AND(B5<>"",C5="Oui"),1,0) -> 0 | Q5: =IF(AND(B5<>"",E5="Oui"),1,0) -> 0
A6: =INT((ROW()-4)/24)+1 -> 1 | B6: =INDEX('Effectif Saison'!$E$4:$E$22,3) -> Marouane SBK | F6: =IF(B6="","",IF(AND(E6="Oui",COUNTIFS(Changements!$A:$A,A6,Changements!$D:$D,B6)>0),"⚠ Titulaire+entrée ?",IF(ABS(L6-M6)>1,"⚠ vérifier",""))) | G6: =IF(B6="","",IFERROR(INDEX('Effectif Saison'!$D$4:$D$51,MATCH(B6,'Effectif Saison'!$E$4:$E$51,0)),"")) -> Équipe 1 | H6: =IF(L6=0,"",IF(E6="Oui",0,IFERROR(_xlfn.MINIFS(Changements!$B:$B,Changements!$A:$A,A6,Changements!$D:$D,B6),""))) | I6: =IF(M6=0,"",IFERROR(_xlfn.MAXIFS(Changements!$B:$B,Changements!$A:$A,A6,Changements!$C:$C,B6),"")) | J6: =IF(OR(B6="",C6<>"Oui"),"",O6-N6) | K6: =IF(AND(B6<>"",ISNUMBER(J6)),1,0) -> 0 | L6: =IF(B6="",0,COUNTIFS(Changements!$A:$A,A6,Changements!$D:$D,B6)+IF(E6="Oui",1,0)) -> 0 | M6: =IF(B6="",0,COUNTIFS(Changements!$A:$A,A6,Changements!$C:$C,B6)) -> 0 | N6: =IF(B6="",0,SUMIFS(Changements!$B:$B,Changements!$A:$A,A6,Changements!$D:$D,B6)) -> 0 | O6: =IF(B6="",0,SUMIFS(Changements!$B:$B,Changements!$A:$A,A6,Changements!$C:$C,B6)+IF(L6>M6,IFERROR(INDEX(Matchs!$F$4:$F$31,MATCH(A6,Matchs!$A$4:$A$31,0)),0),0)) -> 0 | P6: =IF(AND(B6<>"",C6="Oui"),1,0) -> 0 | Q6: =IF(AND(B6<>"",E6="Oui"),1,0) -> 0
A7: =INT((ROW()-4)/24)+1 -> 1 | B7: =INDEX('Effectif Saison'!$E$4:$E$22,4) -> Noé BIHL | F7: =IF(B7="","",IF(AND(E7="Oui",COUNTIFS(Changements!$A:$A,A7,Changements!$D:$D,B7)>0),"⚠ Titulaire+entrée ?",IF(ABS(L7-M7)>1,"⚠ vérifier",""))) | G7: =IF(B7="","",IFERROR(INDEX('Effectif Saison'!$D$4:$D$51,MATCH(B7,'Effectif Saison'!$E$4:$E$51,0)),"")) -> Équipe 1 | H7: =IF(L7=0,"",IF(E7="Oui",0,IFERROR(_xlfn.MINIFS(Changements!$B:$B,Changements!$A:$A,A7,Changements!$D:$D,B7),""))) | I7: =IF(M7=0,"",IFERROR(_xlfn.MAXIFS(Changements!$B:$B,Changements!$A:$A,A7,Changements!$C:$C,B7),"")) | J7: =IF(OR(B7="",C7<>"Oui"),"",O7-N7) | K7: =IF(AND(B7<>"",ISNUMBER(J7)),1,0) -> 0 | L7: =IF(B7="",0,COUNTIFS(Changements!$A:$A,A7,Changements!$D:$D,B7)+IF(E7="Oui",1,0)) -> 0 | M7: =IF(B7="",0,COUNTIFS(Changements!$A:$A,A7,Changements!$C:$C,B7)) -> 0 | N7: =IF(B7="",0,SUMIFS(Changements!$B:$B,Changements!$A:$A,A7,Changements!$D:$D,B7)) -> 0 | O7: =IF(B7="",0,SUMIFS(Changements!$B:$B,Changements!$A:$A,A7,Changements!$C:$C,B7)+IF(L7>M7,IFERROR(INDEX(Matchs!$F$4:$F$31,MATCH(A7,Matchs!$A$4:$A$31,0)),0),0)) -> 0 | P7: =IF(AND(B7<>"",C7="Oui"),1,0) -> 0 | Q7: =IF(AND(B7<>"",E7="Oui"),1,0) -> 0
A8: =INT((ROW()-4)/24)+1 -> 1 | B8: =INDEX('Effectif Saison'!$E$4:$E$22,5) -> Luca COLAIANNI | F8: =IF(B8="","",IF(AND(E8="Oui",COUNTIFS(Changements!$A:$A,A8,Changements!$D:$D,B8)>0),"⚠ Titulaire+entrée ?",IF(ABS(L8-M8)>1,"⚠ vérifier",""))) | G8: =IF(B8="","",IFERROR(INDEX('Effectif Saison'!$D$4:$D$51,MATCH(B8,'Effectif Saison'!$E$4:$E$51,0)),"")) -> Équipe 1 | H8: =IF(L8=0,"",IF(E8="Oui",0,IFERROR(_xlfn.MINIFS(Changements!$B:$B,Changements!$A:$A,A8,Changements!$D:$D,B8),""))) | I8: =IF(M8=0,"",IFERROR(_xlfn.MAXIFS(Changements!$B:$B,Changements!$A:$A,A8,Changements!$C:$C,B8),"")) | J8: =IF(OR(B8="",C8<>"Oui"),"",O8-N8) | K8: =IF(AND(B8<>"",ISNUMBER(J8)),1,0) -> 0 | L8: =IF(B8="",0,COUNTIFS(Changements!$A:$A,A8,Changements!$D:$D,B8)+IF(E8="Oui",1,0)) -> 0 | M8: =IF(B8="",0,COUNTIFS(Changements!$A:$A,A8,Changements!$C:$C,B8)) -> 0 | N8: =IF(B8="",0,SUMIFS(Changements!$B:$B,Changements!$A:$A,A8,Changements!$D:$D,B8)) -> 0 | O8: =IF(B8="",0,SUMIFS(Changements!$B:$B,Changements!$A:$A,A8,Changements!$C:$C,B8)+IF(L8>M8,IFERROR(INDEX(Matchs!$F$4:$F$31,MATCH(A8,Matchs!$A$4:$A$31,0)),0),0)) -> 0 | P8: =IF(AND(B8<>"",C8="Oui"),1,0) -> 0 | Q8: =IF(AND(B8<>"",E8="Oui"),1,0) -> 0
A9: =INT((ROW()-4)/24)+1 -> 1 | B9: =INDEX('Effectif Saison'!$E$4:$E$22,6) -> Atilla ER | F9: =IF(B9="","",IF(AND(E9="Oui",COUNTIFS(Changements!$A:$A,A9,Changements!$D:$D,B9)>0),"⚠ Titulaire+entrée ?",IF(ABS(L9-M9)>1,"⚠ vérifier",""))) | G9: =IF(B9="","",IFERROR(INDEX('Effectif Saison'!$D$4:$D$51,MATCH(B9,'Effectif Saison'!$E$4:$E$51,0)),"")) -> Équipe 1 | H9: =IF(L9=0,"",IF(E9="Oui",0,IFERROR(_xlfn.MINIFS(Changements!$B:$B,Changements!$A:$A,A9,Changements!$D:$D,B9),""))) | I9: =IF(M9=0,"",IFERROR(_xlfn.MAXIFS(Changements!$B:$B,Changements!$A:$A,A9,Changements!$C:$C,B9),"")) | J9: =IF(OR(B9="",C9<>"Oui"),"",O9-N9) | K9: =IF(AND(B9<>"",ISNUMBER(J9)),1,0) -> 0 | L9: =IF(B9="",0,COUNTIFS(Changements!$A:$A,A9,Changements!$D:$D,B9)+IF(E9="Oui",1,0)) -> 0 | M9: =IF(B9="",0,COUNTIFS(Changements!$A:$A,A9,Changements!$C:$C,B9)) -> 0 | N9: =IF(B9="",0,SUMIFS(Changements!$B:$B,Changements!$A:$A,A9,Changements!$D:$D,B9)) -> 0 | O9: =IF(B9="",0,SUMIFS(Changements!$B:$B,Changements!$A:$A,A9,Changements!$C:$C,B9)+IF(L9>M9,IFERROR(INDEX(Matchs!$F$4:$F$31,MATCH(A9,Matchs!$A$4:$A$31,0)),0),0)) -> 0 | P9: =IF(AND(B9<>"",C9="Oui"),1,0) -> 0 | Q9: =IF(AND(B9<>"",E9="Oui"),1,0) -> 0
A10: =INT((ROW()-4)/24)+1 -> 1 | B10: =INDEX('Effectif Saison'!$E$4:$E$22,7) -> Lucas BUHR | F10: =IF(B10="","",IF(AND(E10="Oui",COUNTIFS(Changements!$A:$A,A10,Changements!$D:$D,B10)>0),"⚠ Titulaire+entrée ?",IF(ABS(L10-M10)>1,"⚠ vérifier",""))) | G10: =IF(B10="","",IFERROR(INDEX('Effectif Saison'!$D$4:$D$51,MATCH(B10,'Effectif Saison'!$E$4:$E$51,0)),"")) -> Équipe 1 | H10: =IF(L10=0,"",IF(E10="Oui",0,IFERROR(_xlfn.MINIFS(Changements!$B:$B,Changements!$A:$A,A10,Changements!$D:$D,B10),""))) | I10: =IF(M10=0,"",IFERROR(_xlfn.MAXIFS(Changements!$B:$B,Changements!$A:$A,A10,Changements!$C:$C,B10),"")) | J10: =IF(OR(B10="",C10<>"Oui"),"",O10-N10) | K10: =IF(AND(B10<>"",ISNUMBER(J10)),1,0) -> 0 | L10: =IF(B10="",0,COUNTIFS(Changements!$A:$A,A10,Changements!$D:$D,B10)+IF(E10="Oui",1,0)) -> 0 | M10: =IF(B10="",0,COUNTIFS(Changements!$A:$A,A10,Changements!$C:$C,B10)) -> 0 | N10: =IF(B10="",0,SUMIFS(Changements!$B:$B,Changements!$A:$A,A10,Changements!$D:$D,B10)) -> 0 | O10: =IF(B10="",0,SUMIFS(Changements!$B:$B,Changements!$A:$A,A10,Changements!$C:$C,B10)+IF(L10>M10,IFERROR(INDEX(Matchs!$F$4:$F$31,MATCH(A10,Matchs!$A$4:$A$31,0)),0),0)) -> 0 | P10: =IF(AND(B10<>"",C10="Oui"),1,0) -> 0 | Q10: =IF(AND(B10<>"",E10="Oui"),1,0) -> 0
A11: =INT((ROW()-4)/24)+1 -> 1 | B11: =INDEX('Effectif Saison'!$E$4:$E$22,8) -> Yanis HOUX | F11: =IF(B11="","",IF(AND(E11="Oui",COUNTIFS(Changements!$A:$A,A11,Changements!$D:$D,B11)>0),"⚠ Titulaire+entrée ?",IF(ABS(L11-M11)>1,"⚠ vérifier",""))) | G11: =IF(B11="","",IFERROR(INDEX('Effectif Saison'!$D$4:$D$51,MATCH(B11,'Effectif Saison'!$E$4:$E$51,0)),"")) -> Équipe 1 | H11: =IF(L11=0,"",IF(E11="Oui",0,IFERROR(_xlfn.MINIFS(Changements!$B:$B,Changements!$A:$A,A11,Changements!$D:$D,B11),""))) | I11: =IF(M11=0,"",IFERROR(_xlfn.MAXIFS(Changements!$B:$B,Changements!$A:$A,A11,Changements!$C:$C,B11),"")) | J11: =IF(OR(B11="",C11<>"Oui"),"",O11-N11) | K11: =IF(AND(B11<>"",ISNUMBER(J11)),1,0) -> 0 | L11: =IF(B11="",0,COUNTIFS(Changements!$A:$A,A11,Changements!$D:$D,B11)+IF(E11="Oui",1,0)) -> 0 | M11: =IF(B11="",0,COUNTIFS(Changements!$A:$A,A11,Changements!$C:$C,B11)) -> 0 | N11: =IF(B11="",0,SUMIFS(Changements!$B:$B,Changements!$A:$A,A11,Changements!$D:$D,B11)) -> 0 | O11: =IF(B11="",0,SUMIFS(Changements!$B:$B,Changements!$A:$A,A11,Changements!$C:$C,B11)+IF(L11>M11,IFERROR(INDEX(Matchs!$F$4:$F$31,MATCH(A11,Matchs!$A$4:$A$31,0)),0),0)) -> 0 | P11: =IF(AND(B11<>"",C11="Oui"),1,0) -> 0 | Q11: =IF(AND(B11<>"",E11="Oui"),1,0) -> 0
A12: =INT((ROW()-4)/24)+1 -> 1 | B12: =INDEX('Effectif Saison'!$E$4:$E$22,9) -> Tino COLAIANNI | F12: =IF(B12="","",IF(AND(E12="Oui",COUNTIFS(Changements!$A:$A,A12,Changements!$D:$D,B12)>0),"⚠ Titulaire+entrée ?",IF(ABS(L12-M12)>1,"⚠ vérifier",""))) | G12: =IF(B12="","",IFERROR(INDEX('Effectif Saison'!$D$4:$D$51,MATCH(B12,'Effectif Saison'!$E$4:$E$51,0)),"")) -> Équipe 1 | H12: =IF(L12=0,"",IF(E12="Oui",0,IFERROR(_xlfn.MINIFS(Changements!$B:$B,Changements!$A:$A,A12,Changements!$D:$D,B12),""))) | I12: =IF(M12=0,"",IFERROR(_xlfn.MAXIFS(Changements!$B:$B,Changements!$A:$A,A12,Changements!$C:$C,B12),"")) | J12: =IF(OR(B12="",C12<>"Oui"),"",O12-N12) | K12: =IF(AND(B12<>"",ISNUMBER(J12)),1,0) -> 0 | L12: =IF(B12="",0,COUNTIFS(Changements!$A:$A,A12,Changements!$D:$D,B12)+IF(E12="Oui",1,0)) -> 0 | M12: =IF(B12="",0,COUNTIFS(Changements!$A:$A,A12,Changements!$C:$C,B12)) -> 0 | N12: =IF(B12="",0,SUMIFS(Changements!$B:$B,Changements!$A:$A,A12,Changements!$D:$D,B12)) -> 0 | O12: =IF(B12="",0,SUMIFS(Changements!$B:$B,Changements!$A:$A,A12,Changements!$C:$C,B12)+IF(L12>M12,IFERROR(INDEX(Matchs!$F$4:$F$31,MATCH(A12,Matchs!$A$4:$A$31,0)),0),0)) -> 0 | P12: =IF(AND(B12<>"",C12="Oui"),1,0) -> 0 | Q12: =IF(AND(B12<>"",E12="Oui"),1,0) -> 0
A13: =INT((ROW()-4)/24)+1 -> 1 | B13: =INDEX('Effectif Saison'!$E$4:$E$22,10) -> Achille KELLERKNECHT | F13: =IF(B13="","",IF(AND(E13="Oui",COUNTIFS(Changements!$A:$A,A13,Changements!$D:$D,B13)>0),"⚠ Titulaire+entrée ?",IF(ABS(L13-M13)>1,"⚠ vérifier",""))) | G13: =IF(B13="","",IFERROR(INDEX('Effectif Saison'!$D$4:$D$51,MATCH(B13,'Effectif Saison'!$E$4:$E$51,0)),"")) -> Équipe 1 | H13: =IF(L13=0,"",IF(E13="Oui",0,IFERROR(_xlfn.MINIFS(Changements!$B:$B,Changements!$A:$A,A13,Changements!$D:$D,B13),""))) | I13: =IF(M13=0,"",IFERROR(_xlfn.MAXIFS(Changements!$B:$B,Changements!$A:$A,A13,Changements!$C:$C,B13),"")) | J13: =IF(OR(B13="",C13<>"Oui"),"",O13-N13) | K13: =IF(AND(B13<>"",ISNUMBER(J13)),1,0) -> 0 | L13: =IF(B13="",0,COUNTIFS(Changements!$A:$A,A13,Changements!$D:$D,B13)+IF(E13="Oui",1,0)) -> 0 | M13: =IF(B13="",0,COUNTIFS(Changements!$A:$A,A13,Changements!$C:$C,B13)) -> 0 | N13: =IF(B13="",0,SUMIFS(Changements!$B:$B,Changements!$A:$A,A13,Changements!$D:$D,B13)) -> 0 | O13: =IF(B13="",0,SUMIFS(Changements!$B:$B,Changements!$A:$A,A13,Changements!$C:$C,B13)+IF(L13>M13,IFERROR(INDEX(Matchs!$F$4:$F$31,MATCH(A13,Matchs!$A$4:$A$31,0)),0),0)) -> 0 | P13: =IF(AND(B13<>"",C13="Oui"),1,0) -> 0 | Q13: =IF(AND(B13<>"",E13="Oui"),1,0) -> 0
A14: =INT((ROW()-4)/24)+1 -> 1 | B14: =INDEX('Effectif Saison'!$E$4:$E$22,11) -> Charly LEPERT | F14: =IF(B14="","",IF(AND(E14="Oui",COUNTIFS(Changements!$A:$A,A14,Changements!$D:$D,B14)>0),"⚠ Titulaire+entrée ?",IF(ABS(L14-M14)>1,"⚠ vérifier",""))) | G14: =IF(B14="","",IFERROR(INDEX('Effectif Saison'!$D$4:$D$51,MATCH(B14,'Effectif Saison'!$E$4:$E$51,0)),"")) -> Équipe 1 | H14: =IF(L14=0,"",IF(E14="Oui",0,IFERROR(_xlfn.MINIFS(Changements!$B:$B,Changements!$A:$A,A14,Changements!$D:$D,B14),""))) | I14: =IF(M14=0,"",IFERROR(_xlfn.MAXIFS(Changements!$B:$B,Changements!$A:$A,A14,Changements!$C:$C,B14),"")) | J14: =IF(OR(B14="",C14<>"Oui"),"",O14-N14) | K14: =IF(AND(B14<>"",ISNUMBER(J14)),1,0) -> 0 | L14: =IF(B14="",0,COUNTIFS(Changements!$A:$A,A14,Changements!$D:$D,B14)+IF(E14="Oui",1,0)) -> 0 | M14: =IF(B14="",0,COUNTIFS(Changements!$A:$A,A14,Changements!$C:$C,B14)) -> 0 | N14: =IF(B14="",0,SUMIFS(Changements!$B:$B,Changements!$A:$A,A14,Changements!$D:$D,B14)) -> 0 | O14: =IF(B14="",0,SUMIFS(Changements!$B:$B,Changements!$A:$A,A14,Changements!$C:$C,B14)+IF(L14>M14,IFERROR(INDEX(Matchs!$F$4:$F$31,MATCH(A14,Matchs!$A$4:$A$31,0)),0),0)) -> 0 | P14: =IF(AND(B14<>"",C14="Oui"),1,0) -> 0 | Q14: =IF(AND(B14<>"",E14="Oui"),1,0) -> 0
A15: =INT((ROW()-4)/24)+1 -> 1 | B15: =INDEX('Effectif Saison'!$E$4:$E$22,12) -> Basile STANGRET | F15: =IF(B15="","",IF(AND(E15="Oui",COUNTIFS(Changements!$A:$A,A15,Changements!$D:$D,B15)>0),"⚠ Titulaire+entrée ?",IF(ABS(L15-M15)>1,"⚠ vérifier",""))) | G15: =IF(B15="","",IFERROR(INDEX('Effectif Saison'!$D$4:$D$51,MATCH(B15,'Effectif Saison'!$E$4:$E$51,0)),"")) -> Équipe 1 | H15: =IF(L15=0,"",IF(E15="Oui",0,IFERROR(_xlfn.MINIFS(Changements!$B:$B,Changements!$A:$A,A15,Changements!$D:$D,B15),""))) | I15: =IF(M15=0,"",IFERROR(_xlfn.MAXIFS(Changements!$B:$B,Changements!$A:$A,A15,Changements!$C:$C,B15),"")) | J15: =IF(OR(B15="",C15<>"Oui"),"",O15-N15) | K15: =IF(AND(B15<>"",ISNUMBER(J15)),1,0) -> 0 | L15: =IF(B15="",0,COUNTIFS(Changements!$A:$A,A15,Changements!$D:$D,B15)+IF(E15="Oui",1,0)) -> 0 | M15: =IF(B15="",0,COUNTIFS(Changements!$A:$A,A15,Changements!$C:$C,B15)) -> 0 | N15: =IF(B15="",0,SUMIFS(Changements!$B:$B,Changements!$A:$A,A15,Changements!$D:$D,B15)) -> 0 | O15: =IF(B15="",0,SUMIFS(Changements!$B:$B,Changements!$A:$A,A15,Changements!$C:$C,B15)+IF(L15>M15,IFERROR(INDEX(Matchs!$F$4:$F$31,MATCH(A15,Matchs!$A$4:$A$31,0)),0),0)) -> 0 | P15: =IF(AND(B15<>"",C15="Oui"),1,0) -> 0 | Q15: =IF(AND(B15<>"",E15="Oui"),1,0) -> 0
A16: =INT((ROW()-4)/24)+1 -> 1 | B16: =INDEX('Effectif Saison'!$E$4:$E$22,13) -> Maxence KELLER | F16: =IF(B16="","",IF(AND(E16="Oui",COUNTIFS(Changements!$A:$A,A16,Changements!$D:$D,B16)>0),"⚠ Titulaire+entrée ?",IF(ABS(L16-M16)>1,"⚠ vérifier",""))) | G16: =IF(B16="","",IFERROR(INDEX('Effectif Saison'!$D$4:$D$51,MATCH(B16,'Effectif Saison'!$E$4:$E$51,0)),"")) -> Équipe 1 | H16: =IF(L16=0,"",IF(E16="Oui",0,IFERROR(_xlfn.MINIFS(Changements!$B:$B,Changements!$A:$A,A16,Changements!$D:$D,B16),""))) | I16: =IF(M16=0,"",IFERROR(_xlfn.MAXIFS(Changements!$B:$B,Changements!$A:$A,A16,Changements!$C:$C,B16),"")) | J16: =IF(OR(B16="",C16<>"Oui"),"",O16-N16) | K16: =IF(AND(B16<>"",ISNUMBER(J16)),1,0) -> 0 | L16: =IF(B16="",0,COUNTIFS(Changements!$A:$A,A16,Changements!$D:$D,B16)+IF(E16="Oui",1,0)) -> 0 | M16: =IF(B16="",0,COUNTIFS(Changements!$A:$A,A16,Changements!$C:$C,B16)) -> 0 | N16: =IF(B16="",0,SUMIFS(Changements!$B:$B,Changements!$A:$A,A16,Changements!$D:$D,B16)) -> 0 | O16: =IF(B16="",0,SUMIFS(Changements!$B:$B,Changements!$A:$A,A16,Changements!$C:$C,B16)+IF(L16>M16,IFERROR(INDEX(Matchs!$F$4:$F$31,MATCH(A16,Matchs!$A$4:$A$31,0)),0),0)) -> 0 | P16: =IF(AND(B16<>"",C16="Oui"),1,0) -> 0 | Q16: =IF(AND(B16<>"",E16="Oui"),1,0) -> 0
A17: =INT((ROW()-4)/24)+1 -> 1 | B17: =INDEX('Effectif Saison'!$E$4:$E$22,14) -> Evan SCHMITT | F17: =IF(B17="","",IF(AND(E17="Oui",COUNTIFS(Changements!$A:$A,A17,Changements!$D:$D,B17)>0),"⚠ Titulaire+entrée ?",IF(ABS(L17-M17)>1,"⚠ vérifier",""))) | G17: =IF(B17="","",IFERROR(INDEX('Effectif Saison'!$D$4:$D$51,MATCH(B17,'Effectif Saison'!$E$4:$E$51,0)),"")) -> Équipe 1 | H17: =IF(L17=0,"",IF(E17="Oui",0,IFERROR(_xlfn.MINIFS(Changements!$B:$B,Changements!$A:$A,A17,Changements!$D:$D,B17),""))) | I17: =IF(M17=0,"",IFERROR(_xlfn.MAXIFS(Changements!$B:$B,Changements!$A:$A,A17,Changements!$C:$C,B17),"")) | J17: =IF(OR(B17="",C17<>"Oui"),"",O17-N17) | K17: =IF(AND(B17<>"",ISNUMBER(J17)),1,0) -> 0 | L17: =IF(B17="",0,COUNTIFS(Changements!$A:$A,A17,Changements!$D:$D,B17)+IF(E17="Oui",1,0)) -> 0 | M17: =IF(B17="",0,COUNTIFS(Changements!$A:$A,A17,Changements!$C:$C,B17)) -> 0 | N17: =IF(B17="",0,SUMIFS(Changements!$B:$B,Changements!$A:$A,A17,Changements!$D:$D,B17)) -> 0 | O17: =IF(B17="",0,SUMIFS(Changements!$B:$B,Changements!$A:$A,A17,Changements!$C:$C,B17)+IF(L17>M17,IFERROR(INDEX(Matchs!$F$4:$F$31,MATCH(A17,Matchs!$A$4:$A$31,0)),0),0)) -> 0 | P17: =IF(AND(B17<>"",C17="Oui"),1,0) -> 0 | Q17: =IF(AND(B17<>"",E17="Oui"),1,0) -> 0
A18: =INT((ROW()-4)/24)+1 -> 1 | B18: =INDEX('Effectif Saison'!$E$4:$E$22,15) -> William SIMON | F18: =IF(B18="","",IF(AND(E18="Oui",COUNTIFS(Changements!$A:$A,A18,Changements!$D:$D,B18)>0),"⚠ Titulaire+entrée ?",IF(ABS(L18-M18)>1,"⚠ vérifier",""))) | G18: =IF(B18="","",IFERROR(INDEX('Effectif Saison'!$D$4:$D$51,MATCH(B18,'Effectif Saison'!$E$4:$E$51,0)),"")) -> Équipe 1 | H18: =IF(L18=0,"",IF(E18="Oui",0,IFERROR(_xlfn.MINIFS(Changements!$B:$B,Changements!$A:$A,A18,Changements!$D:$D,B18),""))) | I18: =IF(M18=0,"",IFERROR(_xlfn.MAXIFS(Changements!$B:$B,Changements!$A:$A,A18,Changements!$C:$C,B18),"")) | J18: =IF(OR(B18="",C18<>"Oui"),"",O18-N18) | K18: =IF(AND(B18<>"",ISNUMBER(J18)),1,0) -> 0 | L18: =IF(B18="",0,COUNTIFS(Changements!$A:$A,A18,Changements!$D:$D,B18)+IF(E18="Oui",1,0)) -> 0 | M18: =IF(B18="",0,COUNTIFS(Changements!$A:$A,A18,Changements!$C:$C,B18)) -> 0 | N18: =IF(B18="",0,SUMIFS(Changements!$B:$B,Changements!$A:$A,A18,Changements!$D:$D,B18)) -> 0 | O18: =IF(B18="",0,SUMIFS(Changements!$B:$B,Changements!$A:$A,A18,Changements!$C:$C,B18)+IF(L18>M18,IFERROR(INDEX(Matchs!$F$4:$F$31,MATCH(A18,Matchs!$A$4:$A$31,0)),0),0)) -> 0 | P18: =IF(AND(B18<>"",C18="Oui"),1,0) -> 0 | Q18: =IF(AND(B18<>"",E18="Oui"),1,0) -> 0
A19: =INT((ROW()-4)/24)+1 -> 1 | B19: =INDEX('Effectif Saison'!$E$4:$E$22,16) -> Lenny LEPPER | F19: =IF(B19="","",IF(AND(E19="Oui",COUNTIFS(Changements!$A:$A,A19,Changements!$D:$D,B19)>0),"⚠ Titulaire+entrée ?",IF(ABS(L19-M19)>1,"⚠ vérifier",""))) | G19: =IF(B19="","",IFERROR(INDEX('Effectif Saison'!$D$4:$D$51,MATCH(B19,'Effectif Saison'!$E$4:$E$51,0)),"")) -> Équipe 1 | H19: =IF(L19=0,"",IF(E19="Oui",0,IFERROR(_xlfn.MINIFS(Changements!$B:$B,Changements!$A:$A,A19,Changements!$D:$D,B19),""))) | I19: =IF(M19=0,"",IFERROR(_xlfn.MAXIFS(Changements!$B:$B,Changements!$A:$A,A19,Changements!$C:$C,B19),"")) | J19: =IF(OR(B19="",C19<>"Oui"),"",O19-N19) | K19: =IF(AND(B19<>"",ISNUMBER(J19)),1,0) -> 0 | L19: =IF(B19="",0,COUNTIFS(Changements!$A:$A,A19,Changements!$D:$D,B19)+IF(E19="Oui",1,0)) -> 0 | M19: =IF(B19="",0,COUNTIFS(Changements!$A:$A,A19,Changements!$C:$C,B19)) -> 0 | N19: =IF(B19="",0,SUMIFS(Changements!$B:$B,Changements!$A:$A,A19,Changements!$D:$D,B19)) -> 0 | O19: =IF(B19="",0,SUMIFS(Changements!$B:$B,Changements!$A:$A,A19,Changements!$C:$C,B19)+IF(L19>M19,IFERROR(INDEX(Matchs!$F$4:$F$31,MATCH(A19,Matchs!$A$4:$A$31,0)),0),0)) -> 0 | P19: =IF(AND(B19<>"",C19="Oui"),1,0) -> 0 | Q19: =IF(AND(B19<>"",E19="Oui"),1,0) -> 0
A20: =INT((ROW()-4)/24)+1 -> 1 | B20: =INDEX('Effectif Saison'!$E$4:$E$22,17) -> Malo KELLER | F20: =IF(B20="","",IF(AND(E20="Oui",COUNTIFS(Changements!$A:$A,A20,Changements!$D:$D,B20)>0),"⚠ Titulaire+entrée ?",IF(ABS(L20-M20)>1,"⚠ vérifier",""))) | G20: =IF(B20="","",IFERROR(INDEX('Effectif Saison'!$D$4:$D$51,MATCH(B20,'Effectif Saison'!$E$4:$E$51,0)),"")) -> Équipe 1 | H20: =IF(L20=0,"",IF(E20="Oui",0,IFERROR(_xlfn.MINIFS(Changements!$B:$B,Changements!$A:$A,A20,Changements!$D:$D,B20),""))) | I20: =IF(M20=0,"",IFERROR(_xlfn.MAXIFS(Changements!$B:$B,Changements!$A:$A,A20,Changements!$C:$C,B20),"")) | J20: =IF(OR(B20="",C20<>"Oui"),"",O20-N20) | K20: =IF(AND(B20<>"",ISNUMBER(J20)),1,0) -> 0 | L20: =IF(B20="",0,COUNTIFS(Changements!$A:$A,A20,Changements!$D:$D,B20)+IF(E20="Oui",1,0)) -> 0 | M20: =IF(B20="",0,COUNTIFS(Changements!$A:$A,A20,Changements!$C:$C,B20)) -> 0 | N20: =IF(B20="",0,SUMIFS(Changements!$B:$B,Changements!$A:$A,A20,Changements!$D:$D,B20)) -> 0 | O20: =IF(B20="",0,SUMIFS(Changements!$B:$B,Changements!$A:$A,A20,Changements!$C:$C,B20)+IF(L20>M20,IFERROR(INDEX(Matchs!$F$4:$F$31,MATCH(A20,Matchs!$A$4:$A$31,0)),0),0)) -> 0 | P20: =IF(AND(B20<>"",C20="Oui"),1,0) -> 0 | Q20: =IF(AND(B20<>"",E20="Oui"),1,0) -> 0
A21: =INT((ROW()-4)/24)+1 -> 1 | B21: =INDEX('Effectif Saison'!$E$4:$E$22,18) -> Tom SCHILLER | F21: =IF(B21="","",IF(AND(E21="Oui",COUNTIFS(Changements!$A:$A,A21,Changements!$D:$D,B21)>0),"⚠ Titulaire+entrée ?",IF(ABS(L21-M21)>1,"⚠ vérifier",""))) | G21: =IF(B21="","",IFERROR(INDEX('Effectif Saison'!$D$4:$D$51,MATCH(B21,'Effectif Saison'!$E$4:$E$51,0)),"")) -> Équipe 1 | H21: =IF(L21=0,"",IF(E21="Oui",0,IFERROR(_xlfn.MINIFS(Changements!$B:$B,Changements!$A:$A,A21,Changements!$D:$D,B21),""))) | I21: =IF(M21=0,"",IFERROR(_xlfn.MAXIFS(Changements!$B:$B,Changements!$A:$A,A21,Changements!$C:$C,B21),"")) | J21: =IF(OR(B21="",C21<>"Oui"),"",O21-N21) | K21: =IF(AND(B21<>"",ISNUMBER(J21)),1,0) -> 0 | L21: =IF(B21="",0,COUNTIFS(Changements!$A:$A,A21,Changements!$D:$D,B21)+IF(E21="Oui",1,0)) -> 0 | M21: =IF(B21="",0,COUNTIFS(Changements!$A:$A,A21,Changements!$C:$C,B21)) -> 0 | N21: =IF(B21="",0,SUMIFS(Changements!$B:$B,Changements!$A:$A,A21,Changements!$D:$D,B21)) -> 0 | O21: =IF(B21="",0,SUMIFS(Changements!$B:$B,Changements!$A:$A,A21,Changements!$C:$C,B21)+IF(L21>M21,IFERROR(INDEX(Matchs!$F$4:$F$31,MATCH(A21,Matchs!$A$4:$A$31,0)),0),0)) -> 0 | P21: =IF(AND(B21<>"",C21="Oui"),1,0) -> 0 | Q21: =IF(AND(B21<>"",E21="Oui"),1,0) -> 0
A22: =INT((ROW()-4)/24)+1 -> 1 | B22: =INDEX('Effectif Saison'!$E$4:$E$22,19) -> Eliot LEIBY | F22: =IF(B22="","",IF(AND(E22="Oui",COUNTIFS(Changements!$A:$A,A22,Changements!$D:$D,B22)>0),"⚠ Titulaire+entrée ?",IF(ABS(L22-M22)>1,"⚠ vérifier",""))) | G22: =IF(B22="","",IFERROR(INDEX('Effectif Saison'!$D$4:$D$51,MATCH(B22,'Effectif Saison'!$E$4:$E$51,0)),"")) -> Équipe 1 | H22: =IF(L22=0,"",IF(E22="Oui",0,IFERROR(_xlfn.MINIFS(Changements!$B:$B,Changements!$A:$A,A22,Changements!$D:$D,B22),""))) | I22: =IF(M22=0,"",IFERROR(_xlfn.MAXIFS(Changements!$B:$B,Changements!$A:$A,A22,Changements!$C:$C,B22),"")) | J22: =IF(OR(B22="",C22<>"Oui"),"",O22-N22) | K22: =IF(AND(B22<>"",ISNUMBER(J22)),1,0) -> 0 | L22: =IF(B22="",0,COUNTIFS(Changements!$A:$A,A22,Changements!$D:$D,B22)+IF(E22="Oui",1,0)) -> 0 | M22: =IF(B22="",0,COUNTIFS(Changements!$A:$A,A22,Changements!$C:$C,B22)) -> 0 | N22: =IF(B22="",0,SUMIFS(Changements!$B:$B,Changements!$A:$A,A22,Changements!$D:$D,B22)) -> 0 | O22: =IF(B22="",0,SUMIFS(Changements!$B:$B,Changements!$A:$A,A22,Changements!$C:$C,B22)+IF(L22>M22,IFERROR(INDEX(Matchs!$F$4:$F$31,MATCH(A22,Matchs!$A$4:$A$31,0)),0),0)) -> 0 | P22: =IF(AND(B22<>"",C22="Oui"),1,0) -> 0 | Q22: =IF(AND(B22<>"",E22="Oui"),1,0) -> 0
A23: =INT((ROW()-4)/24)+1 -> 1 | F23: =IF(B23="","",IF(AND(E23="Oui",COUNTIFS(Changements!$A:$A,A23,Changements!$D:$D,B23)>0),"⚠ Titulaire+entrée ?",IF(ABS(L23-M23)>1,"⚠ vérifier",""))) | G23: =IF(B23="","",IFERROR(INDEX('Effectif Saison'!$D$4:$D$51,MATCH(B23,'Effectif Saison'!$E$4:$E$51,0)),"")) | H23: =IF(L23=0,"",IF(E23="Oui",0,IFERROR(_xlfn.MINIFS(Changements!$B:$B,Changements!$A:$A,A23,Changements!$D:$D,B23),""))) | I23: =IF(M23=0,"",IFERROR(_xlfn.MAXIFS(Changements!$B:$B,Changements!$A:$A,A23,Changements!$C:$C,B23),"")) | J23: =IF(OR(B23="",C23<>"Oui"),"",O23-N23) | K23: =IF(AND(B23<>"",ISNUMBER(J23)),1,0) -> 0 | L23: =IF(B23="",0,COUNTIFS(Changements!$A:$A,A23,Changements!$D:$D,B23)+IF(E23="Oui",1,0)) -> 0 | M23: =IF(B23="",0,COUNTIFS(Changements!$A:$A,A23,Changements!$C:$C,B23)) -> 0 | N23: =IF(B23="",0,SUMIFS(Changements!$B:$B,Changements!$A:$A,A23,Changements!$D:$D,B23)) -> 0 | O23: =IF(B23="",0,SUMIFS(Changements!$B:$B,Changements!$A:$A,A23,Changements!$C:$C,B23)+IF(L23>M23,IFERROR(INDEX(Matchs!$F$4:$F$31,MATCH(A23,Matchs!$A$4:$A$31,0)),0),0)) -> 0 | P23: =IF(AND(B23<>"",C23="Oui"),1,0) -> 0 | Q23: =IF(AND(B23<>"",E23="Oui"),1,0) -> 0
A24: =INT((ROW()-4)/24)+1 -> 1 | F24: =IF(B24="","",IF(AND(E24="Oui",COUNTIFS(Changements!$A:$A,A24,Changements!$D:$D,B24)>0),"⚠ Titulaire+entrée ?",IF(ABS(L24-M24)>1,"⚠ vérifier",""))) | G24: =IF(B24="","",IFERROR(INDEX('Effectif Saison'!$D$4:$D$51,MATCH(B24,'Effectif Saison'!$E$4:$E$51,0)),"")) | H24: =IF(L24=0,"",IF(E24="Oui",0,IFERROR(_xlfn.MINIFS(Changements!$B:$B,Changements!$A:$A,A24,Changements!$D:$D,B24),""))) | I24: =IF(M24=0,"",IFERROR(_xlfn.MAXIFS(Changements!$B:$B,Changements!$A:$A,A24,Changements!$C:$C,B24),"")) | J24: =IF(OR(B24="",C24<>"Oui"),"",O24-N24) | K24: =IF(AND(B24<>"",ISNUMBER(J24)),1,0) -> 0 | L24: =IF(B24="",0,COUNTIFS(Changements!$A:$A,A24,Changements!$D:$D,B24)+IF(E24="Oui",1,0)) -> 0 | M24: =IF(B24="",0,COUNTIFS(Changements!$A:$A,A24,Changements!$C:$C,B24)) -> 0 | N24: =IF(B24="",0,SUMIFS(Changements!$B:$B,Changements!$A:$A,A24,Changements!$D:$D,B24)) -> 0 | O24: =IF(B24="",0,SUMIFS(Changements!$B:$B,Changements!$A:$A,A24,Changements!$C:$C,B24)+IF(L24>M24,IFERROR(INDEX(Matchs!$F$4:$F$31,MATCH(A24,Matchs!$A$4:$A$31,0)),0),0)) -> 0 | P24: =IF(AND(B24<>"",C24="Oui"),1,0) -> 0 | Q24: =IF(AND(B24<>"",E24="Oui"),1,0) -> 0
A25: =INT((ROW()-4)/24)+1 -> 1 | F25: =IF(B25="","",IF(AND(E25="Oui",COUNTIFS(Changements!$A:$A,A25,Changements!$D:$D,B25)>0),"⚠ Titulaire+entrée ?",IF(ABS(L25-M25)>1,"⚠ vérifier",""))) | G25: =IF(B25="","",IFERROR(INDEX('Effectif Saison'!$D$4:$D$51,MATCH(B25,'Effectif Saison'!$E$4:$E$51,0)),"")) | H25: =IF(L25=0,"",IF(E25="Oui",0,IFERROR(_xlfn.MINIFS(Changements!$B:$B,Changements!$A:$A,A25,Changements!$D:$D,B25),""))) | I25: =IF(M25=0,"",IFERROR(_xlfn.MAXIFS(Changements!$B:$B,Changements!$A:$A,A25,Changements!$C:$C,B25),"")) | J25: =IF(OR(B25="",C25<>"Oui"),"",O25-N25) | K25: =IF(AND(B25<>"",ISNUMBER(J25)),1,0) -> 0 | L25: =IF(B25="",0,COUNTIFS(Changements!$A:$A,A25,Changements!$D:$D,B25)+IF(E25="Oui",1,0)) -> 0 | M25: =IF(B25="",0,COUNTIFS(Changements!$A:$A,A25,Changements!$C:$C,B25)) -> 0 | N25: =IF(B25="",0,SUMIFS(Changements!$B:$B,Changements!$A:$A,A25,Changements!$D:$D,B25)) -> 0 | O25: =IF(B25="",0,SUMIFS(Changements!$B:$B,Changements!$A:$A,A25,Changements!$C:$C,B25)+IF(L25>M25,IFERROR(INDEX(Matchs!$F$4:$F$31,MATCH(A25,Matchs!$A$4:$A$31,0)),0),0)) -> 0 | P25: =IF(AND(B25<>"",C25="Oui"),1,0) -> 0 | Q25: =IF(AND(B25<>"",E25="Oui"),1,0) -> 0
A26: =INT((ROW()-4)/24)+1 -> 1 | F26: =IF(B26="","",IF(AND(E26="Oui",COUNTIFS(Changements!$A:$A,A26,Changements!$D:$D,B26)>0),"⚠ Titulaire+entrée ?",IF(ABS(L26-M26)>1,"⚠ vérifier",""))) | G26: =IF(B26="","",IFERROR(INDEX('Effectif Saison'!$D$4:$D$51,MATCH(B26,'Effectif Saison'!$E$4:$E$51,0)),"")) | H26: =IF(L26=0,"",IF(E26="Oui",0,IFERROR(_xlfn.MINIFS(Changements!$B:$B,Changements!$A:$A,A26,Changements!$D:$D,B26),""))) | I26: =IF(M26=0,"",IFERROR(_xlfn.MAXIFS(Changements!$B:$B,Changements!$A:$A,A26,Changements!$C:$C,B26),"")) | J26: =IF(OR(B26="",C26<>"Oui"),"",O26-N26) | K26: =IF(AND(B26<>"",ISNUMBER(J26)),1,0) -> 0 | L26: =IF(B26="",0,COUNTIFS(Changements!$A:$A,A26,Changements!$D:$D,B26)+IF(E26="Oui",1,0)) -> 0 | M26: =IF(B26="",0,COUNTIFS(Changements!$A:$A,A26,Changements!$C:$C,B26)) -> 0 | N26: =IF(B26="",0,SUMIFS(Changements!$B:$B,Changements!$A:$A,A26,Changements!$D:$D,B26)) -> 0 | O26: =IF(B26="",0,SUMIFS(Changements!$B:$B,Changements!$A:$A,A26,Changements!$C:$C,B26)+IF(L26>M26,IFERROR(INDEX(Matchs!$F$4:$F$31,MATCH(A26,Matchs!$A$4:$A$31,0)),0),0)) -> 0 | P26: =IF(AND(B26<>"",C26="Oui"),1,0) -> 0 | Q26: =IF(AND(B26<>"",E26="Oui"),1,0) -> 0
A27: =INT((ROW()-4)/24)+1 -> 1 | F27: =IF(B27="","",IF(AND(E27="Oui",COUNTIFS(Changements!$A:$A,A27,Changements!$D:$D,B27)>0),"⚠ Titulaire+entrée ?",IF(ABS(L27-M27)>1,"⚠ vérifier",""))) | G27: =IF(B27="","",IFERROR(INDEX('Effectif Saison'!$D$4:$D$51,MATCH(B27,'Effectif Saison'!$E$4:$E$51,0)),"")) | H27: =IF(L27=0,"",IF(E27="Oui",0,IFERROR(_xlfn.MINIFS(Changements!$B:$B,Changements!$A:$A,A27,Changements!$D:$D,B27),""))) | I27: =IF(M27=0,"",IFERROR(_xlfn.MAXIFS(Changements!$B:$B,Changements!$A:$A,A27,Changements!$C:$C,B27),"")) | J27: =IF(OR(B27="",C27<>"Oui"),"",O27-N27) | K27: =IF(AND(B27<>"",ISNUMBER(J27)),1,0) -> 0 | L27: =IF(B27="",0,COUNTIFS(Changements!$A:$A,A27,Changements!$D:$D,B27)+IF(E27="Oui",1,0)) -> 0 | M27: =IF(B27="",0,COUNTIFS(Changements!$A:$A,A27,Changements!$C:$C,B27)) -> 0 | N27: =IF(B27="",0,SUMIFS(Changements!$B:$B,Changements!$A:$A,A27,Changements!$D:$D,B27)) -> 0 | O27: =IF(B27="",0,SUMIFS(Changements!$B:$B,Changements!$A:$A,A27,Changements!$C:$C,B27)+IF(L27>M27,IFERROR(INDEX(Matchs!$F$4:$F$31,MATCH(A27,Matchs!$A$4:$A$31,0)),0),0)) -> 0 | P27: =IF(AND(B27<>"",C27="Oui"),1,0) -> 0 | Q27: =IF(AND(B27<>"",E27="Oui"),1,0) -> 0
A28: =INT((ROW()-4)/24)+1 -> 2 | B28: =INDEX('Effectif Saison'!$E$4:$E$22,1) -> Alan MICHON | F28: =IF(B28="","",IF(AND(E28="Oui",COUNTIFS(Changements!$A:$A,A28,Changements!$D:$D,B28)>0),"⚠ Titulaire+entrée ?",IF(ABS(L28-M28)>1,"⚠ vérifier",""))) | G28: =IF(B28="","",IFERROR(INDEX('Effectif Saison'!$D$4:$D$51,MATCH(B28,'Effectif Saison'!$E$4:$E$51,0)),"")) -> Équipe 1 | H28: =IF(L28=0,"",IF(E28="Oui",0,IFERROR(_xlfn.MINIFS(Changements!$B:$B,Changements!$A:$A,A28,Changements!$D:$D,B28),""))) | I28: =IF(M28=0,"",IFERROR(_xlfn.MAXIFS(Changements!$B:$B,Changements!$A:$A,A28,Changements!$C:$C,B28),"")) | J28: =IF(OR(B28="",C28<>"Oui"),"",O28-N28) | K28: =IF(AND(B28<>"",ISNUMBER(J28)),1,0) -> 0 | L28: =IF(B28="",0,COUNTIFS(Changements!$A:$A,A28,Changements!$D:$D,B28)+IF(E28="Oui",1,0)) -> 0 | M28: =IF(B28="",0,COUNTIFS(Changements!$A:$A,A28,Changements!$C:$C,B28)) -> 0 | N28: =IF(B28="",0,SUMIFS(Changements!$B:$B,Changements!$A:$A,A28,Changements!$D:$D,B28)) -> 0 | O28: =IF(B28="",0,SUMIFS(Changements!$B:$B,Changements!$A:$A,A28,Changements!$C:$C,B28)+IF(L28>M28,IFERROR(INDEX(Matchs!$F$4:$F$31,MATCH(A28,Matchs!$A$4:$A$31,0)),0),0)) -> 0 | P28: =IF(AND(B28<>"",C28="Oui"),1,0) -> 0 | Q28: =IF(AND(B28<>"",E28="Oui"),1,0) -> 0
A29: =INT((ROW()-4)/24)+1 -> 2 | B29: =INDEX('Effectif Saison'!$E$4:$E$22,2) -> Jean BRUNTZ | F29: =IF(B29="","",IF(AND(E29="Oui",COUNTIFS(Changements!$A:$A,A29,Changements!$D:$D,B29)>0),"⚠ Titulaire+entrée ?",IF(ABS(L29-M29)>1,"⚠ vérifier",""))) | G29: =IF(B29="","",IFERROR(INDEX('Effectif Saison'!$D$4:$D$51,MATCH(B29,'Effectif Saison'!$E$4:$E$51,0)),"")) -> Équipe 1 | H29: =IF(L29=0,"",IF(E29="Oui",0,IFERROR(_xlfn.MINIFS(Changements!$B:$B,Changements!$A:$A,A29,Changements!$D:$D,B29),""))) | I29: =IF(M29=0,"",IFERROR(_xlfn.MAXIFS(Changements!$B:$B,Changements!$A:$A,A29,Changements!$C:$C,B29),"")) | J29: =IF(OR(B29="",C29<>"Oui"),"",O29-N29) | K29: =IF(AND(B29<>"",ISNUMBER(J29)),1,0) -> 0 | L29: =IF(B29="",0,COUNTIFS(Changements!$A:$A,A29,Changements!$D:$D,B29)+IF(E29="Oui",1,0)) -> 0 | M29: =IF(B29="",0,COUNTIFS(Changements!$A:$A,A29,Changements!$C:$C,B29)) -> 0 | N29: =IF(B29="",0,SUMIFS(Changements!$B:$B,Changements!$A:$A,A29,Changements!$D:$D,B29)) -> 0 | O29: =IF(B29="",0,SUMIFS(Changements!$B:$B,Changements!$A:$A,A29,Changements!$C:$C,B29)+IF(L29>M29,IFERROR(INDEX(Matchs!$F$4:$F$31,MATCH(A29,Matchs!$A$4:$A$31,0)),0),0)) -> 0 | P29: =IF(AND(B29<>"",C29="Oui"),1,0) -> 0 | Q29: =IF(AND(B29<>"",E29="Oui"),1,0) -> 0
A30: =INT((ROW()-4)/24)+1 -> 2 | B30: =INDEX('Effectif Saison'!$E$4:$E$22,3) -> Marouane SBK | F30: =IF(B30="","",IF(AND(E30="Oui",COUNTIFS(Changements!$A:$A,A30,Changements!$D:$D,B30)>0),"⚠ Titulaire+entrée ?",IF(ABS(L30-M30)>1,"⚠ vérifier",""))) | G30: =IF(B30="","",IFERROR(INDEX('Effectif Saison'!$D$4:$D$51,MATCH(B30,'Effectif Saison'!$E$4:$E$51,0)),"")) -> Équipe 1 | H30: =IF(L30=0,"",IF(E30="Oui",0,IFERROR(_xlfn.MINIFS(Changements!$B:$B,Changements!$A:$A,A30,Changements!$D:$D,B30),""))) | I30: =IF(M30=0,"",IFERROR(_xlfn.MAXIFS(Changements!$B:$B,Changements!$A:$A,A30,Changements!$C:$C,B30),"")) | J30: =IF(OR(B30="",C30<>"Oui"),"",O30-N30) | K30: =IF(AND(B30<>"",ISNUMBER(J30)),1,0) -> 0 | L30: =IF(B30="",0,COUNTIFS(Changements!$A:$A,A30,Changements!$D:$D,B30)+IF(E30="Oui",1,0)) -> 0 | M30: =IF(B30="",0,COUNTIFS(Changements!$A:$A,A30,Changements!$C:$C,B30)) -> 0 | N30: =IF(B30="",0,SUMIFS(Changements!$B:$B,Changements!$A:$A,A30,Changements!$D:$D,B30)) -> 0 | O30: =IF(B30="",0,SUMIFS(Changements!$B:$B,Changements!$A:$A,A30,Changements!$C:$C,B30)+IF(L30>M30,IFERROR(INDEX(Matchs!$F$4:$F$31,MATCH(A30,Matchs!$A$4:$A$31,0)),0),0)) -> 0 | P30: =IF(AND(B30<>"",C30="Oui"),1,0) -> 0 | Q30: =IF(AND(B30<>"",E30="Oui"),1,0) -> 0
A31: =INT((ROW()-4)/24)+1 -> 2 | B31: =INDEX('Effectif Saison'!$E$4:$E$22,4) -> Noé BIHL | F31: =IF(B31="","",IF(AND(E31="Oui",COUNTIFS(Changements!$A:$A,A31,Changements!$D:$D,B31)>0),"⚠ Titulaire+entrée ?",IF(ABS(L31-M31)>1,"⚠ vérifier",""))) | G31: =IF(B31="","",IFERROR(INDEX('Effectif Saison'!$D$4:$D$51,MATCH(B31,'Effectif Saison'!$E$4:$E$51,0)),"")) -> Équipe 1 | H31: =IF(L31=0,"",IF(E31="Oui",0,IFERROR(_xlfn.MINIFS(Changements!$B:$B,Changements!$A:$A,A31,Changements!$D:$D,B31),""))) | I31: =IF(M31=0,"",IFERROR(_xlfn.MAXIFS(Changements!$B:$B,Changements!$A:$A,A31,Changements!$C:$C,B31),"")) | J31: =IF(OR(B31="",C31<>"Oui"),"",O31-N31) | K31: =IF(AND(B31<>"",ISNUMBER(J31)),1,0) -> 0 | L31: =IF(B31="",0,COUNTIFS(Changements!$A:$A,A31,Changements!$D:$D,B31)+IF(E31="Oui",1,0)) -> 0 | M31: =IF(B31="",0,COUNTIFS(Changements!$A:$A,A31,Changements!$C:$C,B31)) -> 0 | N31: =IF(B31="",0,SUMIFS(Changements!$B:$B,Changements!$A:$A,A31,Changements!$D:$D,B31)) -> 0 | O31: =IF(B31="",0,SUMIFS(Changements!$B:$B,Changements!$A:$A,A31,Changements!$C:$C,B31)+IF(L31>M31,IFERROR(INDEX(Matchs!$F$4:$F$31,MATCH(A31,Matchs!$A$4:$A$31,0)),0),0)) -> 0 | P31: =IF(AND(B31<>"",C31="Oui"),1,0) -> 0 | Q31: =IF(AND(B31<>"",E31="Oui"),1,0) -> 0
A32: =INT((ROW()-4)/24)+1 -> 2 | B32: =INDEX('Effectif Saison'!$E$4:$E$22,5) -> Luca COLAIANNI | F32: =IF(B32="","",IF(AND(E32="Oui",COUNTIFS(Changements!$A:$A,A32,Changements!$D:$D,B32)>0),"⚠ Titulaire+entrée ?",IF(ABS(L32-M32)>1,"⚠ vérifier",""))) | G32: =IF(B32="","",IFERROR(INDEX('Effectif Saison'!$D$4:$D$51,MATCH(B32,'Effectif Saison'!$E$4:$E$51,0)),"")) -> Équipe 1 | H32: =IF(L32=0,"",IF(E32="Oui",0,IFERROR(_xlfn.MINIFS(Changements!$B:$B,Changements!$A:$A,A32,Changements!$D:$D,B32),""))) | I32: =IF(M32=0,"",IFERROR(_xlfn.MAXIFS(Changements!$B:$B,Changements!$A:$A,A32,Changements!$C:$C,B32),"")) | J32: =IF(OR(B32="",C32<>"Oui"),"",O32-N32) | K32: =IF(AND(B32<>"",ISNUMBER(J32)),1,0) -> 0 | L32: =IF(B32="",0,COUNTIFS(Changements!$A:$A,A32,Changements!$D:$D,B32)+IF(E32="Oui",1,0)) -> 0 | M32: =IF(B32="",0,COUNTIFS(Changements!$A:$A,A32,Changements!$C:$C,B32)) -> 0 | N32: =IF(B32="",0,SUMIFS(Changements!$B:$B,Changements!$A:$A,A32,Changements!$D:$D,B32)) -> 0 | O32: =IF(B32="",0,SUMIFS(Changements!$B:$B,Changements!$A:$A,A32,Changements!$C:$C,B32)+IF(L32>M32,IFERROR(INDEX(Matchs!$F$4:$F$31,MATCH(A32,Matchs!$A$4:$A$31,0)),0),0)) -> 0 | P32: =IF(AND(B32<>"",C32="Oui"),1,0) -> 0 | Q32: =IF(AND(B32<>"",E32="Oui"),1,0) -> 0
A33: =INT((ROW()-4)/24)+1 -> 2 | B33: =INDEX('Effectif Saison'!$E$4:$E$22,6) -> Atilla ER | F33: =IF(B33="","",IF(AND(E33="Oui",COUNTIFS(Changements!$A:$A,A33,Changements!$D:$D,B33)>0),"⚠ Titulaire+entrée ?",IF(ABS(L33-M33)>1,"⚠ vérifier",""))) | G33: =IF(B33="","",IFERROR(INDEX('Effectif Saison'!$D$4:$D$51,MATCH(B33,'Effectif Saison'!$E$4:$E$51,0)),"")) -> Équipe 1 | H33: =IF(L33=0,"",IF(E33="Oui",0,IFERROR(_xlfn.MINIFS(Changements!$B:$B,Changements!$A:$A,A33,Changements!$D:$D,B33),""))) | I33: =IF(M33=0,"",IFERROR(_xlfn.MAXIFS(Changements!$B:$B,Changements!$A:$A,A33,Changements!$C:$C,B33),"")) | J33: =IF(OR(B33="",C33<>"Oui"),"",O33-N33) | K33: =IF(AND(B33<>"",ISNUMBER(J33)),1,0) -> 0 | L33: =IF(B33="",0,COUNTIFS(Changements!$A:$A,A33,Changements!$D:$D,B33)+IF(E33="Oui",1,0)) -> 0 | M33: =IF(B33="",0,COUNTIFS(Changements!$A:$A,A33,Changements!$C:$C,B33)) -> 0 | N33: =IF(B33="",0,SUMIFS(Changements!$B:$B,Changements!$A:$A,A33,Changements!$D:$D,B33)) -> 0 | O33: =IF(B33="",0,SUMIFS(Changements!$B:$B,Changements!$A:$A,A33,Changements!$C:$C,B33)+IF(L33>M33,IFERROR(INDEX(Matchs!$F$4:$F$31,MATCH(A33,Matchs!$A$4:$A$31,0)),0),0)) -> 0 | P33: =IF(AND(B33<>"",C33="Oui"),1,0) -> 0 | Q33: =IF(AND(B33<>"",E33="Oui"),1,0) -> 0
A34: =INT((ROW()-4)/24)+1 -> 2 | B34: =INDEX('Effectif Saison'!$E$4:$E$22,7) -> Lucas BUHR | F34: =IF(B34="","",IF(AND(E34="Oui",COUNTIFS(Changements!$A:$A,A34,Changements!$D:$D,B34)>0),"⚠ Titulaire+entrée ?",IF(ABS(L34-M34)>1,"⚠ vérifier",""))) | G34: =IF(B34="","",IFERROR(INDEX('Effectif Saison'!$D$4:$D$51,MATCH(B34,'Effectif Saison'!$E$4:$E$51,0)),"")) -> Équipe 1 | H34: =IF(L34=0,"",IF(E34="Oui",0,IFERROR(_xlfn.MINIFS(Changements!$B:$B,Changements!$A:$A,A34,Changements!$D:$D,B34),""))) | I34: =IF(M34=0,"",IFERROR(_xlfn.MAXIFS(Changements!$B:$B,Changements!$A:$A,A34,Changements!$C:$C,B34),"")) | J34: =IF(OR(B34="",C34<>"Oui"),"",O34-N34) | K34: =IF(AND(B34<>"",ISNUMBER(J34)),1,0) -> 0 | L34: =IF(B34="",0,COUNTIFS(Changements!$A:$A,A34,Changements!$D:$D,B34)+IF(E34="Oui",1,0)) -> 0 | M34: =IF(B34="",0,COUNTIFS(Changements!$A:$A,A34,Changements!$C:$C,B34)) -> 0 | N34: =IF(B34="",0,SUMIFS(Changements!$B:$B,Changements!$A:$A,A34,Changements!$D:$D,B34)) -> 0 | O34: =IF(B34="",0,SUMIFS(Changements!$B:$B,Changements!$A:$A,A34,Changements!$C:$C,B34)+IF(L34>M34,IFERROR(INDEX(Matchs!$F$4:$F$31,MATCH(A34,Matchs!$A$4:$A$31,0)),0),0)) -> 0 | P34: =IF(AND(B34<>"",C34="Oui"),1,0) -> 0 | Q34: =IF(AND(B34<>"",E34="Oui"),1,0) -> 0
A35: =INT((ROW()-4)/24)+1 -> 2 | B35: =INDEX('Effectif Saison'!$E$4:$E$22,8) -> Yanis HOUX | F35: =IF(B35="","",IF(AND(E35="Oui",COUNTIFS(Changements!$A:$A,A35,Changements!$D:$D,B35)>0),"⚠ Titulaire+entrée ?",IF(ABS(L35-M35)>1,"⚠ vérifier",""))) | G35: =IF(B35="","",IFERROR(INDEX('Effectif Saison'!$D$4:$D$51,MATCH(B35,'Effectif Saison'!$E$4:$E$51,0)),"")) -> Équipe 1 | H35: =IF(L35=0,"",IF(E35="Oui",0,IFERROR(_xlfn.MINIFS(Changements!$B:$B,Changements!$A:$A,A35,Changements!$D:$D,B35),""))) | I35: =IF(M35=0,"",IFERROR(_xlfn.MAXIFS(Changements!$B:$B,Changements!$A:$A,A35,Changements!$C:$C,B35),"")) | J35: =IF(OR(B35="",C35<>"Oui"),"",O35-N35) | K35: =IF(AND(B35<>"",ISNUMBER(J35)),1,0) -> 0 | L35: =IF(B35="",0,COUNTIFS(Changements!$A:$A,A35,Changements!$D:$D,B35)+IF(E35="Oui",1,0)) -> 0 | M35: =IF(B35="",0,COUNTIFS(Changements!$A:$A,A35,Changements!$C:$C,B35)) -> 0 | N35: =IF(B35="",0,SUMIFS(Changements!$B:$B,Changements!$A:$A,A35,Changements!$D:$D,B35)) -> 0 | O35: =IF(B35="",0,SUMIFS(Changements!$B:$B,Changements!$A:$A,A35,Changements!$C:$C,B35)+IF(L35>M35,IFERROR(INDEX(Matchs!$F$4:$F$31,MATCH(A35,Matchs!$A$4:$A$31,0)),0),0)) -> 0 | P35: =IF(AND(B35<>"",C35="Oui"),1,0) -> 0 | Q35: =IF(AND(B35<>"",E35="Oui"),1,0) -> 0
A36: =INT((ROW()-4)/24)+1 -> 2 | B36: =INDEX('Effectif Saison'!$E$4:$E$22,9) -> Tino COLAIANNI | F36: =IF(B36="","",IF(AND(E36="Oui",COUNTIFS(Changements!$A:$A,A36,Changements!$D:$D,B36)>0),"⚠ Titulaire+entrée ?",IF(ABS(L36-M36)>1,"⚠ vérifier",""))) | G36: =IF(B36="","",IFERROR(INDEX('Effectif Saison'!$D$4:$D$51,MATCH(B36,'Effectif Saison'!$E$4:$E$51,0)),"")) -> Équipe 1 | H36: =IF(L36=0,"",IF(E36="Oui",0,IFERROR(_xlfn.MINIFS(Changements!$B:$B,Changements!$A:$A,A36,Changements!$D:$D,B36),""))) | I36: =IF(M36=0,"",IFERROR(_xlfn.MAXIFS(Changements!$B:$B,Changements!$A:$A,A36,Changements!$C:$C,B36),"")) | J36: =IF(OR(B36="",C36<>"Oui"),"",O36-N36) | K36: =IF(AND(B36<>"",ISNUMBER(J36)),1,0) -> 0 | L36: =IF(B36="",0,COUNTIFS(Changements!$A:$A,A36,Changements!$D:$D,B36)+IF(E36="Oui",1,0)) -> 0 | M36: =IF(B36="",0,COUNTIFS(Changements!$A:$A,A36,Changements!$C:$C,B36)) -> 0 | N36: =IF(B36="",0,SUMIFS(Changements!$B:$B,Changements!$A:$A,A36,Changements!$D:$D,B36)) -> 0 | O36: =IF(B36="",0,SUMIFS(Changements!$B:$B,Changements!$A:$A,A36,Changements!$C:$C,B36)+IF(L36>M36,IFERROR(INDEX(Matchs!$F$4:$F$31,MATCH(A36,Matchs!$A$4:$A$31,0)),0),0)) -> 0 | P36: =IF(AND(B36<>"",C36="Oui"),1,0) -> 0 | Q36: =IF(AND(B36<>"",E36="Oui"),1,0) -> 0
A37: =INT((ROW()-4)/24)+1 -> 2 | B37: =INDEX('Effectif Saison'!$E$4:$E$22,10) -> Achille KELLERKNECHT | F37: =IF(B37="","",IF(AND(E37="Oui",COUNTIFS(Changements!$A:$A,A37,Changements!$D:$D,B37)>0),"⚠ Titulaire+entrée ?",IF(ABS(L37-M37)>1,"⚠ vérifier",""))) | G37: =IF(B37="","",IFERROR(INDEX('Effectif Saison'!$D$4:$D$51,MATCH(B37,'Effectif Saison'!$E$4:$E$51,0)),"")) -> Équipe 1 | H37: =IF(L37=0,"",IF(E37="Oui",0,IFERROR(_xlfn.MINIFS(Changements!$B:$B,Changements!$A:$A,A37,Changements!$D:$D,B37),""))) | I37: =IF(M37=0,"",IFERROR(_xlfn.MAXIFS(Changements!$B:$B,Changements!$A:$A,A37,Changements!$C:$C,B37),"")) | J37: =IF(OR(B37="",C37<>"Oui"),"",O37-N37) | K37: =IF(AND(B37<>"",ISNUMBER(J37)),1,0) -> 0 | L37: =IF(B37="",0,COUNTIFS(Changements!$A:$A,A37,Changements!$D:$D,B37)+IF(E37="Oui",1,0)) -> 0 | M37: =IF(B37="",0,COUNTIFS(Changements!$A:$A,A37,Changements!$C:$C,B37)) -> 0 | N37: =IF(B37="",0,SUMIFS(Changements!$B:$B,Changements!$A:$A,A37,Changements!$D:$D,B37)) -> 0 | O37: =IF(B37="",0,SUMIFS(Changements!$B:$B,Changements!$A:$A,A37,Changements!$C:$C,B37)+IF(L37>M37,IFERROR(INDEX(Matchs!$F$4:$F$31,MATCH(A37,Matchs!$A$4:$A$31,0)),0),0)) -> 0 | P37: =IF(AND(B37<>"",C37="Oui"),1,0) -> 0 | Q37: =IF(AND(B37<>"",E37="Oui"),1,0) -> 0
A38: =INT((ROW()-4)/24)+1 -> 2 | B38: =INDEX('Effectif Saison'!$E$4:$E$22,11) -> Charly LEPERT | F38: =IF(B38="","",IF(AND(E38="Oui",COUNTIFS(Changements!$A:$A,A38,Changements!$D:$D,B38)>0),"⚠ Titulaire+entrée ?",IF(ABS(L38-M38)>1,"⚠ vérifier",""))) | G38: =IF(B38="","",IFERROR(INDEX('Effectif Saison'!$D$4:$D$51,MATCH(B38,'Effectif Saison'!$E$4:$E$51,0)),"")) -> Équipe 1 | H38: =IF(L38=0,"",IF(E38="Oui",0,IFERROR(_xlfn.MINIFS(Changements!$B:$B,Changements!$A:$A,A38,Changements!$D:$D,B38),""))) | I38: =IF(M38=0,"",IFERROR(_xlfn.MAXIFS(Changements!$B:$B,Changements!$A:$A,A38,Changements!$C:$C,B38),"")) | J38: =IF(OR(B38="",C38<>"Oui"),"",O38-N38) | K38: =IF(AND(B38<>"",ISNUMBER(J38)),1,0) -> 0 | L38: =IF(B38="",0,COUNTIFS(Changements!$A:$A,A38,Changements!$D:$D,B38)+IF(E38="Oui",1,0)) -> 0 | M38: =IF(B38="",0,COUNTIFS(Changements!$A:$A,A38,Changements!$C:$C,B38)) -> 0 | N38: =IF(B38="",0,SUMIFS(Changements!$B:$B,Changements!$A:$A,A38,Changements!$D:$D,B38)) -> 0 | O38: =IF(B38="",0,SUMIFS(Changements!$B:$B,Changements!$A:$A,A38,Changements!$C:$C,B38)+IF(L38>M38,IFERROR(INDEX(Matchs!$F$4:$F$31,MATCH(A38,Matchs!$A$4:$A$31,0)),0),0)) -> 0 | P38: =IF(AND(B38<>"",C38="Oui"),1,0) -> 0 | Q38: =IF(AND(B38<>"",E38="Oui"),1,0) -> 0
A39: =INT((ROW()-4)/24)+1 -> 2 | B39: =INDEX('Effectif Saison'!$E$4:$E$22,12) -> Basile STANGRET | F39: =IF(B39="","",IF(AND(E39="Oui",COUNTIFS(Changements!$A:$A,A39,Changements!$D:$D,B39)>0),"⚠ Titulaire+entrée ?",IF(ABS(L39-M39)>1,"⚠ vérifier",""))) | G39: =IF(B39="","",IFERROR(INDEX('Effectif Saison'!$D$4:$D$51,MATCH(B39,'Effectif Saison'!$E$4:$E$51,0)),"")) -> Équipe 1 | H39: =IF(L39=0,"",IF(E39="Oui",0,IFERROR(_xlfn.MINIFS(Changements!$B:$B,Changements!$A:$A,A39,Changements!$D:$D,B39),""))) | I39: =IF(M39=0,"",IFERROR(_xlfn.MAXIFS(Changements!$B:$B,Changements!$A:$A,A39,Changements!$C:$C,B39),"")) | J39: =IF(OR(B39="",C39<>"Oui"),"",O39-N39) | K39: =IF(AND(B39<>"",ISNUMBER(J39)),1,0) -> 0 | L39: =IF(B39="",0,COUNTIFS(Changements!$A:$A,A39,Changements!$D:$D,B39)+IF(E39="Oui",1,0)) -> 0 | M39: =IF(B39="",0,COUNTIFS(Changements!$A:$A,A39,Changements!$C:$C,B39)) -> 0 | N39: =IF(B39="",0,SUMIFS(Changements!$B:$B,Changements!$A:$A,A39,Changements!$D:$D,B39)) -> 0 | O39: =IF(B39="",0,SUMIFS(Changements!$B:$B,Changements!$A:$A,A39,Changements!$C:$C,B39)+IF(L39>M39,IFERROR(INDEX(Matchs!$F$4:$F$31,MATCH(A39,Matchs!$A$4:$A$31,0)),0),0)) -> 0 | P39: =IF(AND(B39<>"",C39="Oui"),1,0) -> 0 | Q39: =IF(AND(B39<>"",E39="Oui"),1,0) -> 0
A40: =INT((ROW()-4)/24)+1 -> 2 | B40: =INDEX('Effectif Saison'!$E$4:$E$22,13) -> Maxence KELLER | F40: =IF(B40="","",IF(AND(E40="Oui",COUNTIFS(Changements!$A:$A,A40,Changements!$D:$D,B40)>0),"⚠ Titulaire+entrée ?",IF(ABS(L40-M40)>1,"⚠ vérifier",""))) | G40: =IF(B40="","",IFERROR(INDEX('Effectif Saison'!$D$4:$D$51,MATCH(B40,'Effectif Saison'!$E$4:$E$51,0)),"")) -> Équipe 1 | H40: =IF(L40=0,"",IF(E40="Oui",0,IFERROR(_xlfn.MINIFS(Changements!$B:$B,Changements!$A:$A,A40,Changements!$D:$D,B40),""))) | I40: =IF(M40=0,"",IFERROR(_xlfn.MAXIFS(Changements!$B:$B,Changements!$A:$A,A40,Changements!$C:$C,B40),"")) | J40: =IF(OR(B40="",C40<>"Oui"),"",O40-N40) | K40: =IF(AND(B40<>"",ISNUMBER(J40)),1,0) -> 0 | L40: =IF(B40="",0,COUNTIFS(Changements!$A:$A,A40,Changements!$D:$D,B40)+IF(E40="Oui",1,0)) -> 0 | M40: =IF(B40="",0,COUNTIFS(Changements!$A:$A,A40,Changements!$C:$C,B40)) -> 0 | N40: =IF(B40="",0,SUMIFS(Changements!$B:$B,Changements!$A:$A,A40,Changements!$D:$D,B40)) -> 0 | O40: =IF(B40="",0,SUMIFS(Changements!$B:$B,Changements!$A:$A,A40,Changements!$C:$C,B40)+IF(L40>M40,IFERROR(INDEX(Matchs!$F$4:$F$31,MATCH(A40,Matchs!$A$4:$A$31,0)),0),0)) -> 0 | P40: =IF(AND(B40<>"",C40="Oui"),1,0) -> 0 | Q40: =IF(AND(B40<>"",E40="Oui"),1,0) -> 0
A41: =INT((ROW()-4)/24)+1 -> 2 | B41: =INDEX('Effectif Saison'!$E$4:$E$22,14) -> Evan SCHMITT | F41: =IF(B41="","",IF(AND(E41="Oui",COUNTIFS(Changements!$A:$A,A41,Changements!$D:$D,B41)>0),"⚠ Titulaire+entrée ?",IF(ABS(L41-M41)>1,"⚠ vérifier",""))) | G41: =IF(B41="","",IFERROR(INDEX('Effectif Saison'!$D$4:$D$51,MATCH(B41,'Effectif Saison'!$E$4:$E$51,0)),"")) -> Équipe 1 | H41: =IF(L41=0,"",IF(E41="Oui",0,IFERROR(_xlfn.MINIFS(Changements!$B:$B,Changements!$A:$A,A41,Changements!$D:$D,B41),""))) | I41: =IF(M41=0,"",IFERROR(_xlfn.MAXIFS(Changements!$B:$B,Changements!$A:$A,A41,Changements!$C:$C,B41),"")) | J41: =IF(OR(B41="",C41<>"Oui"),"",O41-N41) | K41: =IF(AND(B41<>"",ISNUMBER(J41)),1,0) -> 0 | L41: =IF(B41="",0,COUNTIFS(Changements!$A:$A,A41,Changements!$D:$D,B41)+IF(E41="Oui",1,0)) -> 0 | M41: =IF(B41="",0,COUNTIFS(Changements!$A:$A,A41,Changements!$C:$C,B41)) -> 0 | N41: =IF(B41="",0,SUMIFS(Changements!$B:$B,Changements!$A:$A,A41,Changements!$D:$D,B41)) -> 0 | O41: =IF(B41="",0,SUMIFS(Changements!$B:$B,Changements!$A:$A,A41,Changements!$C:$C,B41)+IF(L41>M41,IFERROR(INDEX(Matchs!$F$4:$F$31,MATCH(A41,Matchs!$A$4:$A$31,0)),0),0)) -> 0 | P41: =IF(AND(B41<>"",C41="Oui"),1,0) -> 0 | Q41: =IF(AND(B41<>"",E41="Oui"),1,0) -> 0
A42: =INT((ROW()-4)/24)+1 -> 2 | B42: =INDEX('Effectif Saison'!$E$4:$E$22,15) -> William SIMON | F42: =IF(B42="","",IF(AND(E42="Oui",COUNTIFS(Changements!$A:$A,A42,Changements!$D:$D,B42)>0),"⚠ Titulaire+entrée ?",IF(ABS(L42-M42)>1,"⚠ vérifier",""))) | G42: =IF(B42="","",IFERROR(INDEX('Effectif Saison'!$D$4:$D$51,MATCH(B42,'Effectif Saison'!$E$4:$E$51,0)),"")) -> Équipe 1 | H42: =IF(L42=0,"",IF(E42="Oui",0,IFERROR(_xlfn.MINIFS(Changements!$B:$B,Changements!$A:$A,A42,Changements!$D:$D,B42),""))) | I42: =IF(M42=0,"",IFERROR(_xlfn.MAXIFS(Changements!$B:$B,Changements!$A:$A,A42,Changements!$C:$C,B42),"")) | J42: =IF(OR(B42="",C42<>"Oui"),"",O42-N42) | K42: =IF(AND(B42<>"",ISNUMBER(J42)),1,0) -> 0 | L42: =IF(B42="",0,COUNTIFS(Changements!$A:$A,A42,Changements!$D:$D,B42)+IF(E42="Oui",1,0)) -> 0 | M42: =IF(B42="",0,COUNTIFS(Changements!$A:$A,A42,Changements!$C:$C,B42)) -> 0 | N42: =IF(B42="",0,SUMIFS(Changements!$B:$B,Changements!$A:$A,A42,Changements!$D:$D,B42)) -> 0 | O42: =IF(B42="",0,SUMIFS(Changements!$B:$B,Changements!$A:$A,A42,Changements!$C:$C,B42)+IF(L42>M42,IFERROR(INDEX(Matchs!$F$4:$F$31,MATCH(A42,Matchs!$A$4:$A$31,0)),0),0)) -> 0 | P42: =IF(AND(B42<>"",C42="Oui"),1,0) -> 0 | Q42: =IF(AND(B42<>"",E42="Oui"),1,0) -> 0
A43: =INT((ROW()-4)/24)+1 -> 2 | B43: =INDEX('Effectif Saison'!$E$4:$E$22,16) -> Lenny LEPPER | F43: =IF(B43="","",IF(AND(E43="Oui",COUNTIFS(Changements!$A:$A,A43,Changements!$D:$D,B43)>0),"⚠ Titulaire+entrée ?",IF(ABS(L43-M43)>1,"⚠ vérifier",""))) | G43: =IF(B43="","",IFERROR(INDEX('Effectif Saison'!$D$4:$D$51,MATCH(B43,'Effectif Saison'!$E$4:$E$51,0)),"")) -> Équipe 1 | H43: =IF(L43=0,"",IF(E43="Oui",0,IFERROR(_xlfn.MINIFS(Changements!$B:$B,Changements!$A:$A,A43,Changements!$D:$D,B43),""))) | I43: =IF(M43=0,"",IFERROR(_xlfn.MAXIFS(Changements!$B:$B,Changements!$A:$A,A43,Changements!$C:$C,B43),"")) | J43: =IF(OR(B43="",C43<>"Oui"),"",O43-N43) | K43: =IF(AND(B43<>"",ISNUMBER(J43)),1,0) -> 0 | L43: =IF(B43="",0,COUNTIFS(Changements!$A:$A,A43,Changements!$D:$D,B43)+IF(E43="Oui",1,0)) -> 0 | M43: =IF(B43="",0,COUNTIFS(Changements!$A:$A,A43,Changements!$C:$C,B43)) -> 0 | N43: =IF(B43="",0,SUMIFS(Changements!$B:$B,Changements!$A:$A,A43,Changements!$D:$D,B43)) -> 0 | O43: =IF(B43="",0,SUMIFS(Changements!$B:$B,Changements!$A:$A,A43,Changements!$C:$C,B43)+IF(L43>M43,IFERROR(INDEX(Matchs!$F$4:$F$31,MATCH(A43,Matchs!$A$4:$A$31,0)),0),0)) -> 0 | P43: =IF(AND(B43<>"",C43="Oui"),1,0) -> 0 | Q43: =IF(AND(B43<>"",E43="Oui"),1,0) -> 0
A44: =INT((ROW()-4)/24)+1 -> 2 | B44: =INDEX('Effectif Saison'!$E$4:$E$22,17) -> Malo KELLER | F44: =IF(B44="","",IF(AND(E44="Oui",COUNTIFS(Changements!$A:$A,A44,Changements!$D:$D,B44)>0),"⚠ Titulaire+entrée ?",IF(ABS(L44-M44)>1,"⚠ vérifier",""))) | G44: =IF(B44="","",IFERROR(INDEX('Effectif Saison'!$D$4:$D$51,MATCH(B44,'Effectif Saison'!$E$4:$E$51,0)),"")) -> Équipe 1 | H44: =IF(L44=0,"",IF(E44="Oui",0,IFERROR(_xlfn.MINIFS(Changements!$B:$B,Changements!$A:$A,A44,Changements!$D:$D,B44),""))) | I44: =IF(M44=0,"",IFERROR(_xlfn.MAXIFS(Changements!$B:$B,Changements!$A:$A,A44,Changements!$C:$C,B44),"")) | J44: =IF(OR(B44="",C44<>"Oui"),"",O44-N44) | K44: =IF(AND(B44<>"",ISNUMBER(J44)),1,0) -> 0 | L44: =IF(B44="",0,COUNTIFS(Changements!$A:$A,A44,Changements!$D:$D,B44)+IF(E44="Oui",1,0)) -> 0 | M44: =IF(B44="",0,COUNTIFS(Changements!$A:$A,A44,Changements!$C:$C,B44)) -> 0 | N44: =IF(B44="",0,SUMIFS(Changements!$B:$B,Changements!$A:$A,A44,Changements!$D:$D,B44)) -> 0 | O44: =IF(B44="",0,SUMIFS(Changements!$B:$B,Changements!$A:$A,A44,Changements!$C:$C,B44)+IF(L44>M44,IFERROR(INDEX(Matchs!$F$4:$F$31,MATCH(A44,Matchs!$A$4:$A$31,0)),0),0)) -> 0 | P44: =IF(AND(B44<>"",C44="Oui"),1,0) -> 0 | Q44: =IF(AND(B44<>"",E44="Oui"),1,0) -> 0
A45: =INT((ROW()-4)/24)+1 -> 2 | B45: =INDEX('Effectif Saison'!$E$4:$E$22,18) -> Tom SCHILLER | F45: =IF(B45="","",IF(AND(E45="Oui",COUNTIFS(Changements!$A:$A,A45,Changements!$D:$D,B45)>0),"⚠ Titulaire+entrée ?",IF(ABS(L45-M45)>1,"⚠ vérifier",""))) | G45: =IF(B45="","",IFERROR(INDEX('Effectif Saison'!$D$4:$D$51,MATCH(B45,'Effectif Saison'!$E$4:$E$51,0)),"")) -> Équipe 1 | H45: =IF(L45=0,"",IF(E45="Oui",0,IFERROR(_xlfn.MINIFS(Changements!$B:$B,Changements!$A:$A,A45,Changements!$D:$D,B45),""))) | I45: =IF(M45=0,"",IFERROR(_xlfn.MAXIFS(Changements!$B:$B,Changements!$A:$A,A45,Changements!$C:$C,B45),"")) | J45: =IF(OR(B45="",C45<>"Oui"),"",O45-N45) | K45: =IF(AND(B45<>"",ISNUMBER(J45)),1,0) -> 0 | L45: =IF(B45="",0,COUNTIFS(Changements!$A:$A,A45,Changements!$D:$D,B45)+IF(E45="Oui",1,0)) -> 0 | M45: =IF(B45="",0,COUNTIFS(Changements!$A:$A,A45,Changements!$C:$C,B45)) -> 0 | N45: =IF(B45="",0,SUMIFS(Changements!$B:$B,Changements!$A:$A,A45,Changements!$D:$D,B45)) -> 0 | O45: =IF(B45="",0,SUMIFS(Changements!$B:$B,Changements!$A:$A,A45,Changements!$C:$C,B45)+IF(L45>M45,IFERROR(INDEX(Matchs!$F$4:$F$31,MATCH(A45,Matchs!$A$4:$A$31,0)),0),0)) -> 0 | P45: =IF(AND(B45<>"",C45="Oui"),1,0) -> 0 | Q45: =IF(AND(B45<>"",E45="Oui"),1,0) -> 0
A46: =INT((ROW()-4)/24)+1 -> 2 | B46: =INDEX('Effectif Saison'!$E$4:$E$22,19) -> Eliot LEIBY | F46: =IF(B46="","",IF(AND(E46="Oui",COUNTIFS(Changements!$A:$A,A46,Changements!$D:$D,B46)>0),"⚠ Titulaire+entrée ?",IF(ABS(L46-M46)>1,"⚠ vérifier",""))) | G46: =IF(B46="","",IFERROR(INDEX('Effectif Saison'!$D$4:$D$51,MATCH(B46,'Effectif Saison'!$E$4:$E$51,0)),"")) -> Équipe 1 | H46: =IF(L46=0,"",IF(E46="Oui",0,IFERROR(_xlfn.MINIFS(Changements!$B:$B,Changements!$A:$A,A46,Changements!$D:$D,B46),""))) | I46: =IF(M46=0,"",IFERROR(_xlfn.MAXIFS(Changements!$B:$B,Changements!$A:$A,A46,Changements!$C:$C,B46),"")) | J46: =IF(OR(B46="",C46<>"Oui"),"",O46-N46) | K46: =IF(AND(B46<>"",ISNUMBER(J46)),1,0) -> 0 | L46: =IF(B46="",0,COUNTIFS(Changements!$A:$A,A46,Changements!$D:$D,B46)+IF(E46="Oui",1,0)) -> 0 | M46: =IF(B46="",0,COUNTIFS(Changements!$A:$A,A46,Changements!$C:$C,B46)) -> 0 | N46: =IF(B46="",0,SUMIFS(Changements!$B:$B,Changements!$A:$A,A46,Changements!$D:$D,B46)) -> 0 | O46: =IF(B46="",0,SUMIFS(Changements!$B:$B,Changements!$A:$A,A46,Changements!$C:$C,B46)+IF(L46>M46,IFERROR(INDEX(Matchs!$F$4:$F$31,MATCH(A46,Matchs!$A$4:$A$31,0)),0),0)) -> 0 | P46: =IF(AND(B46<>"",C46="Oui"),1,0) -> 0 | Q46: =IF(AND(B46<>"",E46="Oui"),1,0) -> 0
A47: =INT((ROW()-4)/24)+1 -> 2 | F47: =IF(B47="","",IF(AND(E47="Oui",COUNTIFS(Changements!$A:$A,A47,Changements!$D:$D,B47)>0),"⚠ Titulaire+entrée ?",IF(ABS(L47-M47)>1,"⚠ vérifier",""))) | G47: =IF(B47="","",IFERROR(INDEX('Effectif Saison'!$D$4:$D$51,MATCH(B47,'Effectif Saison'!$E$4:$E$51,0)),"")) | H47: =IF(L47=0,"",IF(E47="Oui",0,IFERROR(_xlfn.MINIFS(Changements!$B:$B,Changements!$A:$A,A47,Changements!$D:$D,B47),""))) | I47: =IF(M47=0,"",IFERROR(_xlfn.MAXIFS(Changements!$B:$B,Changements!$A:$A,A47,Changements!$C:$C,B47),"")) | J47: =IF(OR(B47="",C47<>"Oui"),"",O47-N47) | K47: =IF(AND(B47<>"",ISNUMBER(J47)),1,0) -> 0 | L47: =IF(B47="",0,COUNTIFS(Changements!$A:$A,A47,Changements!$D:$D,B47)+IF(E47="Oui",1,0)) -> 0 | M47: =IF(B47="",0,COUNTIFS(Changements!$A:$A,A47,Changements!$C:$C,B47)) -> 0 | N47: =IF(B47="",0,SUMIFS(Changements!$B:$B,Changements!$A:$A,A47,Changements!$D:$D,B47)) -> 0 | O47: =IF(B47="",0,SUMIFS(Changements!$B:$B,Changements!$A:$A,A47,Changements!$C:$C,B47)+IF(L47>M47,IFERROR(INDEX(Matchs!$F$4:$F$31,MATCH(A47,Matchs!$A$4:$A$31,0)),0),0)) -> 0 | P47: =IF(AND(B47<>"",C47="Oui"),1,0) -> 0 | Q47: =IF(AND(B47<>"",E47="Oui"),1,0) -> 0
A48: =INT((ROW()-4)/24)+1 -> 2 | F48: =IF(B48="","",IF(AND(E48="Oui",COUNTIFS(Changements!$A:$A,A48,Changements!$D:$D,B48)>0),"⚠ Titulaire+entrée ?",IF(ABS(L48-M48)>1,"⚠ vérifier",""))) | G48: =IF(B48="","",IFERROR(INDEX('Effectif Saison'!$D$4:$D$51,MATCH(B48,'Effectif Saison'!$E$4:$E$51,0)),"")) | H48: =IF(L48=0,"",IF(E48="Oui",0,IFERROR(_xlfn.MINIFS(Changements!$B:$B,Changements!$A:$A,A48,Changements!$D:$D,B48),""))) | I48: =IF(M48=0,"",IFERROR(_xlfn.MAXIFS(Changements!$B:$B,Changements!$A:$A,A48,Changements!$C:$C,B48),"")) | J48: =IF(OR(B48="",C48<>"Oui"),"",O48-N48) | K48: =IF(AND(B48<>"",ISNUMBER(J48)),1,0) -> 0 | L48: =IF(B48="",0,COUNTIFS(Changements!$A:$A,A48,Changements!$D:$D,B48)+IF(E48="Oui",1,0)) -> 0 | M48: =IF(B48="",0,COUNTIFS(Changements!$A:$A,A48,Changements!$C:$C,B48)) -> 0 | N48: =IF(B48="",0,SUMIFS(Changements!$B:$B,Changements!$A:$A,A48,Changements!$D:$D,B48)) -> 0 | O48: =IF(B48="",0,SUMIFS(Changements!$B:$B,Changements!$A:$A,A48,Changements!$C:$C,B48)+IF(L48>M48,IFERROR(INDEX(Matchs!$F$4:$F$31,MATCH(A48,Matchs!$A$4:$A$31,0)),0),0)) -> 0 | P48: =IF(AND(B48<>"",C48="Oui"),1,0) -> 0 | Q48: =IF(AND(B48<>"",E48="Oui"),1,0) -> 0
A49: =INT((ROW()-4)/24)+1 -> 2 | F49: =IF(B49="","",IF(AND(E49="Oui",COUNTIFS(Changements!$A:$A,A49,Changements!$D:$D,B49)>0),"⚠ Titulaire+entrée ?",IF(ABS(L49-M49)>1,"⚠ vérifier",""))) | G49: =IF(B49="","",IFERROR(INDEX('Effectif Saison'!$D$4:$D$51,MATCH(B49,'Effectif Saison'!$E$4:$E$51,0)),"")) | H49: =IF(L49=0,"",IF(E49="Oui",0,IFERROR(_xlfn.MINIFS(Changements!$B:$B,Changements!$A:$A,A49,Changements!$D:$D,B49),""))) | I49: =IF(M49=0,"",IFERROR(_xlfn.MAXIFS(Changements!$B:$B,Changements!$A:$A,A49,Changements!$C:$C,B49),"")) | J49: =IF(OR(B49="",C49<>"Oui"),"",O49-N49) | K49: =IF(AND(B49<>"",ISNUMBER(J49)),1,0) -> 0 | L49: =IF(B49="",0,COUNTIFS(Changements!$A:$A,A49,Changements!$D:$D,B49)+IF(E49="Oui",1,0)) -> 0 | M49: =IF(B49="",0,COUNTIFS(Changements!$A:$A,A49,Changements!$C:$C,B49)) -> 0 | N49: =IF(B49="",0,SUMIFS(Changements!$B:$B,Changements!$A:$A,A49,Changements!$D:$D,B49)) -> 0 | O49: =IF(B49="",0,SUMIFS(Changements!$B:$B,Changements!$A:$A,A49,Changements!$C:$C,B49)+IF(L49>M49,IFERROR(INDEX(Matchs!$F$4:$F$31,MATCH(A49,Matchs!$A$4:$A$31,0)),0),0)) -> 0 | P49: =IF(AND(B49<>"",C49="Oui"),1,0) -> 0 | Q49: =IF(AND(B49<>"",E49="Oui"),1,0) -> 0
A50: =INT((ROW()-4)/24)+1 -> 2 | F50: =IF(B50="","",IF(AND(E50="Oui",COUNTIFS(Changements!$A:$A,A50,Changements!$D:$D,B50)>0),"⚠ Titulaire+entrée ?",IF(ABS(L50-M50)>1,"⚠ vérifier",""))) | G50: =IF(B50="","",IFERROR(INDEX('Effectif Saison'!$D$4:$D$51,MATCH(B50,'Effectif Saison'!$E$4:$E$51,0)),"")) | H50: =IF(L50=0,"",IF(E50="Oui",0,IFERROR(_xlfn.MINIFS(Changements!$B:$B,Changements!$A:$A,A50,Changements!$D:$D,B50),""))) | I50: =IF(M50=0,"",IFERROR(_xlfn.MAXIFS(Changements!$B:$B,Changements!$A:$A,A50,Changements!$C:$C,B50),"")) | J50: =IF(OR(B50="",C50<>"Oui"),"",O50-N50) | K50: =IF(AND(B50<>"",ISNUMBER(J50)),1,0) -> 0 | L50: =IF(B50="",0,COUNTIFS(Changements!$A:$A,A50,Changements!$D:$D,B50)+IF(E50="Oui",1,0)) -> 0 | M50: =IF(B50="",0,COUNTIFS(Changements!$A:$A,A50,Changements!$C:$C,B50)) -> 0 | N50: =IF(B50="",0,SUMIFS(Changements!$B:$B,Changements!$A:$A,A50,Changements!$D:$D,B50)) -> 0 | O50: =IF(B50="",0,SUMIFS(Changements!$B:$B,Changements!$A:$A,A50,Changements!$C:$C,B50)+IF(L50>M50,IFERROR(INDEX(Matchs!$F$4:$F$31,MATCH(A50,Matchs!$A$4:$A$31,0)),0),0)) -> 0 | P50: =IF(AND(B50<>"",C50="Oui"),1,0) -> 0 | Q50: =IF(AND(B50<>"",E50="Oui"),1,0) -> 0
A51: =INT((ROW()-4)/24)+1 -> 2 | F51: =IF(B51="","",IF(AND(E51="Oui",COUNTIFS(Changements!$A:$A,A51,Changements!$D:$D,B51)>0),"⚠ Titulaire+entrée ?",IF(ABS(L51-M51)>1,"⚠ vérifier",""))) | G51: =IF(B51="","",IFERROR(INDEX('Effectif Saison'!$D$4:$D$51,MATCH(B51,'Effectif Saison'!$E$4:$E$51,0)),"")) | H51: =IF(L51=0,"",IF(E51="Oui",0,IFERROR(_xlfn.MINIFS(Changements!$B:$B,Changements!$A:$A,A51,Changements!$D:$D,B51),""))) | I51: =IF(M51=0,"",IFERROR(_xlfn.MAXIFS(Changements!$B:$B,Changements!$A:$A,A51,Changements!$C:$C,B51),"")) | J51: =IF(OR(B51="",C51<>"Oui"),"",O51-N51) | K51: =IF(AND(B51<>"",ISNUMBER(J51)),1,0) -> 0 | L51: =IF(B51="",0,COUNTIFS(Changements!$A:$A,A51,Changements!$D:$D,B51)+IF(E51="Oui",1,0)) -> 0 | M51: =IF(B51="",0,COUNTIFS(Changements!$A:$A,A51,Changements!$C:$C,B51)) -> 0 | N51: =IF(B51="",0,SUMIFS(Changements!$B:$B,Changements!$A:$A,A51,Changements!$D:$D,B51)) -> 0 | O51: =IF(B51="",0,SUMIFS(Changements!$B:$B,Changements!$A:$A,A51,Changements!$C:$C,B51)+IF(L51>M51,IFERROR(INDEX(Matchs!$F$4:$F$31,MATCH(A51,Matchs!$A$4:$A$31,0)),0),0)) -> 0 | P51: =IF(AND(B51<>"",C51="Oui"),1,0) -> 0 | Q51: =IF(AND(B51<>"",E51="Oui"),1,0) -> 0
A52: =INT((ROW()-4)/24)+1 -> 3 | B52: =INDEX('Effectif Saison'!$E$4:$E$22,1) -> Alan MICHON | F52: =IF(B52="","",IF(AND(E52="Oui",COUNTIFS(Changements!$A:$A,A52,Changements!$D:$D,B52)>0),"⚠ Titulaire+entrée ?",IF(ABS(L52-M52)>1,"⚠ vérifier",""))) | G52: =IF(B52="","",IFERROR(INDEX('Effectif Saison'!$D$4:$D$51,MATCH(B52,'Effectif Saison'!$E$4:$E$51,0)),"")) -> Équipe 1 | H52: =IF(L52=0,"",IF(E52="Oui",0,IFERROR(_xlfn.MINIFS(Changements!$B:$B,Changements!$A:$A,A52,Changements!$D:$D,B52),""))) | I52: =IF(M52=0,"",IFERROR(_xlfn.MAXIFS(Changements!$B:$B,Changements!$A:$A,A52,Changements!$C:$C,B52),"")) | J52: =IF(OR(B52="",C52<>"Oui"),"",O52-N52) | K52: =IF(AND(B52<>"",ISNUMBER(J52)),1,0) -> 0 | L52: =IF(B52="",0,COUNTIFS(Changements!$A:$A,A52,Changements!$D:$D,B52)+IF(E52="Oui",1,0)) -> 0 | M52: =IF(B52="",0,COUNTIFS(Changements!$A:$A,A52,Changements!$C:$C,B52)) -> 0 | N52: =IF(B52="",0,SUMIFS(Changements!$B:$B,Changements!$A:$A,A52,Changements!$D:$D,B52)) -> 0 | O52: =IF(B52="",0,SUMIFS(Changements!$B:$B,Changements!$A:$A,A52,Changements!$C:$C,B52)+IF(L52>M52,IFERROR(INDEX(Matchs!$F$4:$F$31,MATCH(A52,Matchs!$A$4:$A$31,0)),0),0)) -> 0 | P52: =IF(AND(B52<>"",C52="Oui"),1,0) -> 0 | Q52: =IF(AND(B52<>"",E52="Oui"),1,0) -> 0
A53: =INT((ROW()-4)/24)+1 -> 3 | B53: =INDEX('Effectif Saison'!$E$4:$E$22,2) -> Jean BRUNTZ | F53: =IF(B53="","",IF(AND(E53="Oui",COUNTIFS(Changements!$A:$A,A53,Changements!$D:$D,B53)>0),"⚠ Titulaire+entrée ?",IF(ABS(L53-M53)>1,"⚠ vérifier",""))) | G53: =IF(B53="","",IFERROR(INDEX('Effectif Saison'!$D$4:$D$51,MATCH(B53,'Effectif Saison'!$E$4:$E$51,0)),"")) -> Équipe 1 | H53: =IF(L53=0,"",IF(E53="Oui",0,IFERROR(_xlfn.MINIFS(Changements!$B:$B,Changements!$A:$A,A53,Changements!$D:$D,B53),""))) | I53: =IF(M53=0,"",IFERROR(_xlfn.MAXIFS(Changements!$B:$B,Changements!$A:$A,A53,Changements!$C:$C,B53),"")) | J53: =IF(OR(B53="",C53<>"Oui"),"",O53-N53) | K53: =IF(AND(B53<>"",ISNUMBER(J53)),1,0) -> 0 | L53: =IF(B53="",0,COUNTIFS(Changements!$A:$A,A53,Changements!$D:$D,B53)+IF(E53="Oui",1,0)) -> 0 | M53: =IF(B53="",0,COUNTIFS(Changements!$A:$A,A53,Changements!$C:$C,B53)) -> 0 | N53: =IF(B53="",0,SUMIFS(Changements!$B:$B,Changements!$A:$A,A53,Changements!$D:$D,B53)) -> 0 | O53: =IF(B53="",0,SUMIFS(Changements!$B:$B,Changements!$A:$A,A53,Changements!$C:$C,B53)+IF(L53>M53,IFERROR(INDEX(Matchs!$F$4:$F$31,MATCH(A53,Matchs!$A$4:$A$31,0)),0),0)) -> 0 | P53: =IF(AND(B53<>"",C53="Oui"),1,0) -> 0 | Q53: =IF(AND(B53<>"",E53="Oui"),1,0) -> 0
A54: =INT((ROW()-4)/24)+1 -> 3 | B54: =INDEX('Effectif Saison'!$E$4:$E$22,3) -> Marouane SBK | F54: =IF(B54="","",IF(AND(E54="Oui",COUNTIFS(Changements!$A:$A,A54,Changements!$D:$D,B54)>0),"⚠ Titulaire+entrée ?",IF(ABS(L54-M54)>1,"⚠ vérifier",""))) | G54: =IF(B54="","",IFERROR(INDEX('Effectif Saison'!$D$4:$D$51,MATCH(B54,'Effectif Saison'!$E$4:$E$51,0)),"")) -> Équipe 1 | H54: =IF(L54=0,"",IF(E54="Oui",0,IFERROR(_xlfn.MINIFS(Changements!$B:$B,Changements!$A:$A,A54,Changements!$D:$D,B54),""))) | I54: =IF(M54=0,"",IFERROR(_xlfn.MAXIFS(Changements!$B:$B,Changements!$A:$A,A54,Changements!$C:$C,B54),"")) | J54: =IF(OR(B54="",C54<>"Oui"),"",O54-N54) | K54: =IF(AND(B54<>"",ISNUMBER(J54)),1,0) -> 0 | L54: =IF(B54="",0,COUNTIFS(Changements!$A:$A,A54,Changements!$D:$D,B54)+IF(E54="Oui",1,0)) -> 0 | M54: =IF(B54="",0,COUNTIFS(Changements!$A:$A,A54,Changements!$C:$C,B54)) -> 0 | N54: =IF(B54="",0,SUMIFS(Changements!$B:$B,Changements!$A:$A,A54,Changements!$D:$D,B54)) -> 0 | O54: =IF(B54="",0,SUMIFS(Changements!$B:$B,Changements!$A:$A,A54,Changements!$C:$C,B54)+IF(L54>M54,IFERROR(INDEX(Matchs!$F$4:$F$31,MATCH(A54,Matchs!$A$4:$A$31,0)),0),0)) -> 0 | P54: =IF(AND(B54<>"",C54="Oui"),1,0) -> 0 | Q54: =IF(AND(B54<>"",E54="Oui"),1,0) -> 0
A55: =INT((ROW()-4)/24)+1 -> 3 | B55: =INDEX('Effectif Saison'!$E$4:$E$22,4) -> Noé BIHL | F55: =IF(B55="","",IF(AND(E55="Oui",COUNTIFS(Changements!$A:$A,A55,Changements!$D:$D,B55)>0),"⚠ Titulaire+entrée ?",IF(ABS(L55-M55)>1,"⚠ vérifier",""))) | G55: =IF(B55="","",IFERROR(INDEX('Effectif Saison'!$D$4:$D$51,MATCH(B55,'Effectif Saison'!$E$4:$E$51,0)),"")) -> Équipe 1 | H55: =IF(L55=0,"",IF(E55="Oui",0,IFERROR(_xlfn.MINIFS(Changements!$B:$B,Changements!$A:$A,A55,Changements!$D:$D,B55),""))) | I55: =IF(M55=0,"",IFERROR(_xlfn.MAXIFS(Changements!$B:$B,Changements!$A:$A,A55,Changements!$C:$C,B55),"")) | J55: =IF(OR(B55="",C55<>"Oui"),"",O55-N55) | K55: =IF(AND(B55<>"",ISNUMBER(J55)),1,0) -> 0 | L55: =IF(B55="",0,COUNTIFS(Changements!$A:$A,A55,Changements!$D:$D,B55)+IF(E55="Oui",1,0)) -> 0 | M55: =IF(B55="",0,COUNTIFS(Changements!$A:$A,A55,Changements!$C:$C,B55)) -> 0 | N55: =IF(B55="",0,SUMIFS(Changements!$B:$B,Changements!$A:$A,A55,Changements!$D:$D,B55)) -> 0 | O55: =IF(B55="",0,SUMIFS(Changements!$B:$B,Changements!$A:$A,A55,Changements!$C:$C,B55)+IF(L55>M55,IFERROR(INDEX(Matchs!$F$4:$F$31,MATCH(A55,Matchs!$A$4:$A$31,0)),0),0)) -> 0 | P55: =IF(AND(B55<>"",C55="Oui"),1,0) -> 0 | Q55: =IF(AND(B55<>"",E55="Oui"),1,0) -> 0
A56: =INT((ROW()-4)/24)+1 -> 3 | B56: =INDEX('Effectif Saison'!$E$4:$E$22,5) -> Luca COLAIANNI | F56: =IF(B56="","",IF(AND(E56="Oui",COUNTIFS(Changements!$A:$A,A56,Changements!$D:$D,B56)>0),"⚠ Titulaire+entrée ?",IF(ABS(L56-M56)>1,"⚠ vérifier",""))) | G56: =IF(B56="","",IFERROR(INDEX('Effectif Saison'!$D$4:$D$51,MATCH(B56,'Effectif Saison'!$E$4:$E$51,0)),"")) -> Équipe 1 | H56: =IF(L56=0,"",IF(E56="Oui",0,IFERROR(_xlfn.MINIFS(Changements!$B:$B,Changements!$A:$A,A56,Changements!$D:$D,B56),""))) | I56: =IF(M56=0,"",IFERROR(_xlfn.MAXIFS(Changements!$B:$B,Changements!$A:$A,A56,Changements!$C:$C,B56),"")) | J56: =IF(OR(B56="",C56<>"Oui"),"",O56-N56) | K56: =IF(AND(B56<>"",ISNUMBER(J56)),1,0) -> 0 | L56: =IF(B56="",0,COUNTIFS(Changements!$A:$A,A56,Changements!$D:$D,B56)+IF(E56="Oui",1,0)) -> 0 | M56: =IF(B56="",0,COUNTIFS(Changements!$A:$A,A56,Changements!$C:$C,B56)) -> 0 | N56: =IF(B56="",0,SUMIFS(Changements!$B:$B,Changements!$A:$A,A56,Changements!$D:$D,B56)) -> 0 | O56: =IF(B56="",0,SUMIFS(Changements!$B:$B,Changements!$A:$A,A56,Changements!$C:$C,B56)+IF(L56>M56,IFERROR(INDEX(Matchs!$F$4:$F$31,MATCH(A56,Matchs!$A$4:$A$31,0)),0),0)) -> 0 | P56: =IF(AND(B56<>"",C56="Oui"),1,0) -> 0 | Q56: =IF(AND(B56<>"",E56="Oui"),1,0) -> 0
A57: =INT((ROW()-4)/24)+1 -> 3 | B57: =INDEX('Effectif Saison'!$E$4:$E$22,6) -> Atilla ER | F57: =IF(B57="","",IF(AND(E57="Oui",COUNTIFS(Changements!$A:$A,A57,Changements!$D:$D,B57)>0),"⚠ Titulaire+entrée ?",IF(ABS(L57-M57)>1,"⚠ vérifier",""))) | G57: =IF(B57="","",IFERROR(INDEX('Effectif Saison'!$D$4:$D$51,MATCH(B57,'Effectif Saison'!$E$4:$E$51,0)),"")) -> Équipe 1 | H57: =IF(L57=0,"",IF(E57="Oui",0,IFERROR(_xlfn.MINIFS(Changements!$B:$B,Changements!$A:$A,A57,Changements!$D:$D,B57),""))) | I57: =IF(M57=0,"",IFERROR(_xlfn.MAXIFS(Changements!$B:$B,Changements!$A:$A,A57,Changements!$C:$C,B57),"")) | J57: =IF(OR(B57="",C57<>"Oui"),"",O57-N57) | K57: =IF(AND(B57<>"",ISNUMBER(J57)),1,0) -> 0 | L57: =IF(B57="",0,COUNTIFS(Changements!$A:$A,A57,Changements!$D:$D,B57)+IF(E57="Oui",1,0)) -> 0 | M57: =IF(B57="",0,COUNTIFS(Changements!$A:$A,A57,Changements!$C:$C,B57)) -> 0 | N57: =IF(B57="",0,SUMIFS(Changements!$B:$B,Changements!$A:$A,A57,Changements!$D:$D,B57)) -> 0 | O57: =IF(B57="",0,SUMIFS(Changements!$B:$B,Changements!$A:$A,A57,Changements!$C:$C,B57)+IF(L57>M57,IFERROR(INDEX(Matchs!$F$4:$F$31,MATCH(A57,Matchs!$A$4:$A$31,0)),0),0)) -> 0 | P57: =IF(AND(B57<>"",C57="Oui"),1,0) -> 0 | Q57: =IF(AND(B57<>"",E57="Oui"),1,0) -> 0
A58: =INT((ROW()-4)/24)+1 -> 3 | B58: =INDEX('Effectif Saison'!$E$4:$E$22,7) -> Lucas BUHR | F58: =IF(B58="","",IF(AND(E58="Oui",COUNTIFS(Changements!$A:$A,A58,Changements!$D:$D,B58)>0),"⚠ Titulaire+entrée ?",IF(ABS(L58-M58)>1,"⚠ vérifier",""))) | G58: =IF(B58="","",IFERROR(INDEX('Effectif Saison'!$D$4:$D$51,MATCH(B58,'Effectif Saison'!$E$4:$E$51,0)),"")) -> Équipe 1 | H58: =IF(L58=0,"",IF(E58="Oui",0,IFERROR(_xlfn.MINIFS(Changements!$B:$B,Changements!$A:$A,A58,Changements!$D:$D,B58),""))) | I58: =IF(M58=0,"",IFERROR(_xlfn.MAXIFS(Changements!$B:$B,Changements!$A:$A,A58,Changements!$C:$C,B58),"")) | J58: =IF(OR(B58="",C58<>"Oui"),"",O58-N58) | K58: =IF(AND(B58<>"",ISNUMBER(J58)),1,0) -> 0 | L58: =IF(B58="",0,COUNTIFS(Changements!$A:$A,A58,Changements!$D:$D,B58)+IF(E58="Oui",1,0)) -> 0 | M58: =IF(B58="",0,COUNTIFS(Changements!$A:$A,A58,Changements!$C:$C,B58)) -> 0 | N58: =IF(B58="",0,SUMIFS(Changements!$B:$B,Changements!$A:$A,A58,Changements!$D:$D,B58)) -> 0 | O58: =IF(B58="",0,SUMIFS(Changements!$B:$B,Changements!$A:$A,A58,Changements!$C:$C,B58)+IF(L58>M58,IFERROR(INDEX(Matchs!$F$4:$F$31,MATCH(A58,Matchs!$A$4:$A$31,0)),0),0)) -> 0 | P58: =IF(AND(B58<>"",C58="Oui"),1,0) -> 0 | Q58: =IF(AND(B58<>"",E58="Oui"),1,0) -> 0
A59: =INT((ROW()-4)/24)+1 -> 3 | B59: =INDEX('Effectif Saison'!$E$4:$E$22,8) -> Yanis HOUX | F59: =IF(B59="","",IF(AND(E59="Oui",COUNTIFS(Changements!$A:$A,A59,Changements!$D:$D,B59)>0),"⚠ Titulaire+entrée ?",IF(ABS(L59-M59)>1,"⚠ vérifier",""))) | G59: =IF(B59="","",IFERROR(INDEX('Effectif Saison'!$D$4:$D$51,MATCH(B59,'Effectif Saison'!$E$4:$E$51,0)),"")) -> Équipe 1 | H59: =IF(L59=0,"",IF(E59="Oui",0,IFERROR(_xlfn.MINIFS(Changements!$B:$B,Changements!$A:$A,A59,Changements!$D:$D,B59),""))) | I59: =IF(M59=0,"",IFERROR(_xlfn.MAXIFS(Changements!$B:$B,Changements!$A:$A,A59,Changements!$C:$C,B59),"")) | J59: =IF(OR(B59="",C59<>"Oui"),"",O59-N59) | K59: =IF(AND(B59<>"",ISNUMBER(J59)),1,0) -> 0 | L59: =IF(B59="",0,COUNTIFS(Changements!$A:$A,A59,Changements!$D:$D,B59)+IF(E59="Oui",1,0)) -> 0 | M59: =IF(B59="",0,COUNTIFS(Changements!$A:$A,A59,Changements!$C:$C,B59)) -> 0 | N59: =IF(B59="",0,SUMIFS(Changements!$B:$B,Changements!$A:$A,A59,Changements!$D:$D,B59)) -> 0 | O59: =IF(B59="",0,SUMIFS(Changements!$B:$B,Changements!$A:$A,A59,Changements!$C:$C,B59)+IF(L59>M59,IFERROR(INDEX(Matchs!$F$4:$F$31,MATCH(A59,Matchs!$A$4:$A$31,0)),0),0)) -> 0 | P59: =IF(AND(B59<>"",C59="Oui"),1,0) -> 0 | Q59: =IF(AND(B59<>"",E59="Oui"),1,0) -> 0
A60: =INT((ROW()-4)/24)+1 -> 3 | B60: =INDEX('Effectif Saison'!$E$4:$E$22,9) -> Tino COLAIANNI | F60: =IF(B60="","",IF(AND(E60="Oui",COUNTIFS(Changements!$A:$A,A60,Changements!$D:$D,B60)>0),"⚠ Titulaire+entrée ?",IF(ABS(L60-M60)>1,"⚠ vérifier",""))) | G60: =IF(B60="","",IFERROR(INDEX('Effectif Saison'!$D$4:$D$51,MATCH(B60,'Effectif Saison'!$E$4:$E$51,0)),"")) -> Équipe 1 | H60: =IF(L60=0,"",IF(E60="Oui",0,IFERROR(_xlfn.MINIFS(Changements!$B:$B,Changements!$A:$A,A60,Changements!$D:$D,B60),""))) | I60: =IF(M60=0,"",IFERROR(_xlfn.MAXIFS(Changements!$B:$B,Changements!$A:$A,A60,Changements!$C:$C,B60),"")) | J60: =IF(OR(B60="",C60<>"Oui"),"",O60-N60) | K60: =IF(AND(B60<>"",ISNUMBER(J60)),1,0) -> 0 | L60: =IF(B60="",0,COUNTIFS(Changements!$A:$A,A60,Changements!$D:$D,B60)+IF(E60="Oui",1,0)) -> 0 | M60: =IF(B60="",0,COUNTIFS(Changements!$A:$A,A60,Changements!$C:$C,B60)) -> 0 | N60: =IF(B60="",0,SUMIFS(Changements!$B:$B,Changements!$A:$A,A60,Changements!$D:$D,B60)) -> 0 | O60: =IF(B60="",0,SUMIFS(Changements!$B:$B,Changements!$A:$A,A60,Changements!$C:$C,B60)+IF(L60>M60,IFERROR(INDEX(Matchs!$F$4:$F$31,MATCH(A60,Matchs!$A$4:$A$31,0)),0),0)) -> 0 | P60: =IF(AND(B60<>"",C60="Oui"),1,0) -> 0 | Q60: =IF(AND(B60<>"",E60="Oui"),1,0) -> 0
A61: =INT((ROW()-4)/24)+1 -> 3 | B61: =INDEX('Effectif Saison'!$E$4:$E$22,10) -> Achille KELLERKNECHT | F61: =IF(B61="","",IF(AND(E61="Oui",COUNTIFS(Changements!$A:$A,A61,Changements!$D:$D,B61)>0),"⚠ Titulaire+entrée ?",IF(ABS(L61-M61)>1,"⚠ vérifier",""))) | G61: =IF(B61="","",IFERROR(INDEX('Effectif Saison'!$D$4:$D$51,MATCH(B61,'Effectif Saison'!$E$4:$E$51,0)),"")) -> Équipe 1 | H61: =IF(L61=0,"",IF(E61="Oui",0,IFERROR(_xlfn.MINIFS(Changements!$B:$B,Changements!$A:$A,A61,Changements!$D:$D,B61),""))) | I61: =IF(M61=0,"",IFERROR(_xlfn.MAXIFS(Changements!$B:$B,Changements!$A:$A,A61,Changements!$C:$C,B61),"")) | J61: =IF(OR(B61="",C61<>"Oui"),"",O61-N61) | K61: =IF(AND(B61<>"",ISNUMBER(J61)),1,0) -> 0 | L61: =IF(B61="",0,COUNTIFS(Changements!$A:$A,A61,Changements!$D:$D,B61)+IF(E61="Oui",1,0)) -> 0 | M61: =IF(B61="",0,COUNTIFS(Changements!$A:$A,A61,Changements!$C:$C,B61)) -> 0 | N61: =IF(B61="",0,SUMIFS(Changements!$B:$B,Changements!$A:$A,A61,Changements!$D:$D,B61)) -> 0 | O61: =IF(B61="",0,SUMIFS(Changements!$B:$B,Changements!$A:$A,A61,Changements!$C:$C,B61)+IF(L61>M61,IFERROR(INDEX(Matchs!$F$4:$F$31,MATCH(A61,Matchs!$A$4:$A$31,0)),0),0)) -> 0 | P61: =IF(AND(B61<>"",C61="Oui"),1,0) -> 0 | Q61: =IF(AND(B61<>"",E61="Oui"),1,0) -> 0
A62: =INT((ROW()-4)/24)+1 -> 3 | B62: =INDEX('Effectif Saison'!$E$4:$E$22,11) -> Charly LEPERT | F62: =IF(B62="","",IF(AND(E62="Oui",COUNTIFS(Changements!$A:$A,A62,Changements!$D:$D,B62)>0),"⚠ Titulaire+entrée ?",IF(ABS(L62-M62)>1,"⚠ vérifier",""))) | G62: =IF(B62="","",IFERROR(INDEX('Effectif Saison'!$D$4:$D$51,MATCH(B62,'Effectif Saison'!$E$4:$E$51,0)),"")) -> Équipe 1 | H62: =IF(L62=0,"",IF(E62="Oui",0,IFERROR(_xlfn.MINIFS(Changements!$B:$B,Changements!$A:$A,A62,Changements!$D:$D,B62),""))) | I62: =IF(M62=0,"",IFERROR(_xlfn.MAXIFS(Changements!$B:$B,Changements!$A:$A,A62,Changements!$C:$C,B62),"")) | J62: =IF(OR(B62="",C62<>"Oui"),"",O62-N62) | K62: =IF(AND(B62<>"",ISNUMBER(J62)),1,0) -> 0 | L62: =IF(B62="",0,COUNTIFS(Changements!$A:$A,A62,Changements!$D:$D,B62)+IF(E62="Oui",1,0)) -> 0 | M62: =IF(B62="",0,COUNTIFS(Changements!$A:$A,A62,Changements!$C:$C,B62)) -> 0 | N62: =IF(B62="",0,SUMIFS(Changements!$B:$B,Changements!$A:$A,A62,Changements!$D:$D,B62)) -> 0 | O62: =IF(B62="",0,SUMIFS(Changements!$B:$B,Changements!$A:$A,A62,Changements!$C:$C,B62)+IF(L62>M62,IFERROR(INDEX(Matchs!$F$4:$F$31,MATCH(A62,Matchs!$A$4:$A$31,0)),0),0)) -> 0 | P62: =IF(AND(B62<>"",C62="Oui"),1,0) -> 0 | Q62: =IF(AND(B62<>"",E62="Oui"),1,0) -> 0
A63: =INT((ROW()-4)/24)+1 -> 3 | B63: =INDEX('Effectif Saison'!$E$4:$E$22,12) -> Basile STANGRET | F63: =IF(B63="","",IF(AND(E63="Oui",COUNTIFS(Changements!$A:$A,A63,Changements!$D:$D,B63)>0),"⚠ Titulaire+entrée ?",IF(ABS(L63-M63)>1,"⚠ vérifier",""))) | G63: =IF(B63="","",IFERROR(INDEX('Effectif Saison'!$D$4:$D$51,MATCH(B63,'Effectif Saison'!$E$4:$E$51,0)),"")) -> Équipe 1 | H63: =IF(L63=0,"",IF(E63="Oui",0,IFERROR(_xlfn.MINIFS(Changements!$B:$B,Changements!$A:$A,A63,Changements!$D:$D,B63),""))) | I63: =IF(M63=0,"",IFERROR(_xlfn.MAXIFS(Changements!$B:$B,Changements!$A:$A,A63,Changements!$C:$C,B63),"")) | J63: =IF(OR(B63="",C63<>"Oui"),"",O63-N63) | K63: =IF(AND(B63<>"",ISNUMBER(J63)),1,0) -> 0 | L63: =IF(B63="",0,COUNTIFS(Changements!$A:$A,A63,Changements!$D:$D,B63)+IF(E63="Oui",1,0)) -> 0 | M63: =IF(B63="",0,COUNTIFS(Changements!$A:$A,A63,Changements!$C:$C,B63)) -> 0 | N63: =IF(B63="",0,SUMIFS(Changements!$B:$B,Changements!$A:$A,A63,Changements!$D:$D,B63)) -> 0 | O63: =IF(B63="",0,SUMIFS(Changements!$B:$B,Changements!$A:$A,A63,Changements!$C:$C,B63)+IF(L63>M63,IFERROR(INDEX(Matchs!$F$4:$F$31,MATCH(A63,Matchs!$A$4:$A$31,0)),0),0)) -> 0 | P63: =IF(AND(B63<>"",C63="Oui"),1,0) -> 0 | Q63: =IF(AND(B63<>"",E63="Oui"),1,0) -> 0
A64: =INT((ROW()-4)/24)+1 -> 3 | B64: =INDEX('Effectif Saison'!$E$4:$E$22,13) -> Maxence KELLER | F64: =IF(B64="","",IF(AND(E64="Oui",COUNTIFS(Changements!$A:$A,A64,Changements!$D:$D,B64)>0),"⚠ Titulaire+entrée ?",IF(ABS(L64-M64)>1,"⚠ vérifier",""))) | G64: =IF(B64="","",IFERROR(INDEX('Effectif Saison'!$D$4:$D$51,MATCH(B64,'Effectif Saison'!$E$4:$E$51,0)),"")) -> Équipe 1 | H64: =IF(L64=0,"",IF(E64="Oui",0,IFERROR(_xlfn.MINIFS(Changements!$B:$B,Changements!$A:$A,A64,Changements!$D:$D,B64),""))) | I64: =IF(M64=0,"",IFERROR(_xlfn.MAXIFS(Changements!$B:$B,Changements!$A:$A,A64,Changements!$C:$C,B64),"")) | J64: =IF(OR(B64="",C64<>"Oui"),"",O64-N64) | K64: =IF(AND(B64<>"",ISNUMBER(J64)),1,0) -> 0 | L64: =IF(B64="",0,COUNTIFS(Changements!$A:$A,A64,Changements!$D:$D,B64)+IF(E64="Oui",1,0)) -> 0 | M64: =IF(B64="",0,COUNTIFS(Changements!$A:$A,A64,Changements!$C:$C,B64)) -> 0 | N64: =IF(B64="",0,SUMIFS(Changements!$B:$B,Changements!$A:$A,A64,Changements!$D:$D,B64)) -> 0 | O64: =IF(B64="",0,SUMIFS(Changements!$B:$B,Changements!$A:$A,A64,Changements!$C:$C,B64)+IF(L64>M64,IFERROR(INDEX(Matchs!$F$4:$F$31,MATCH(A64,Matchs!$A$4:$A$31,0)),0),0)) -> 0 | P64: =IF(AND(B64<>"",C64="Oui"),1,0) -> 0 | Q64: =IF(AND(B64<>"",E64="Oui"),1,0) -> 0
A65: =INT((ROW()-4)/24)+1 -> 3 | B65: =INDEX('Effectif Saison'!$E$4:$E$22,14) -> Evan SCHMITT | F65: =IF(B65="","",IF(AND(E65="Oui",COUNTIFS(Changements!$A:$A,A65,Changements!$D:$D,B65)>0),"⚠ Titulaire+entrée ?",IF(ABS(L65-M65)>1,"⚠ vérifier",""))) | G65: =IF(B65="","",IFERROR(INDEX('Effectif Saison'!$D$4:$D$51,MATCH(B65,'Effectif Saison'!$E$4:$E$51,0)),"")) -> Équipe 1 | H65: =IF(L65=0,"",IF(E65="Oui",0,IFERROR(_xlfn.MINIFS(Changements!$B:$B,Changements!$A:$A,A65,Changements!$D:$D,B65),""))) | I65: =IF(M65=0,"",IFERROR(_xlfn.MAXIFS(Changements!$B:$B,Changements!$A:$A,A65,Changements!$C:$C,B65),"")) | J65: =IF(OR(B65="",C65<>"Oui"),"",O65-N65) | K65: =IF(AND(B65<>"",ISNUMBER(J65)),1,0) -> 0 | L65: =IF(B65="",0,COUNTIFS(Changements!$A:$A,A65,Changements!$D:$D,B65)+IF(E65="Oui",1,0)) -> 0 | M65: =IF(B65="",0,COUNTIFS(Changements!$A:$A,A65,Changements!$C:$C,B65)) -> 0 | N65: =IF(B65="",0,SUMIFS(Changements!$B:$B,Changements!$A:$A,A65,Changements!$D:$D,B65)) -> 0 | O65: =IF(B65="",0,SUMIFS(Changements!$B:$B,Changements!$A:$A,A65,Changements!$C:$C,B65)+IF(L65>M65,IFERROR(INDEX(Matchs!$F$4:$F$31,MATCH(A65,Matchs!$A$4:$A$31,0)),0),0)) -> 0 | P65: =IF(AND(B65<>"",C65="Oui"),1,0) -> 0 | Q65: =IF(AND(B65<>"",E65="Oui"),1,0) -> 0
A66: =INT((ROW()-4)/24)+1 -> 3 | B66: =INDEX('Effectif Saison'!$E$4:$E$22,15) -> William SIMON | F66: =IF(B66="","",IF(AND(E66="Oui",COUNTIFS(Changements!$A:$A,A66,Changements!$D:$D,B66)>0),"⚠ Titulaire+entrée ?",IF(ABS(L66-M66)>1,"⚠ vérifier",""))) | G66: =IF(B66="","",IFERROR(INDEX('Effectif Saison'!$D$4:$D$51,MATCH(B66,'Effectif Saison'!$E$4:$E$51,0)),"")) -> Équipe 1 | H66: =IF(L66=0,"",IF(E66="Oui",0,IFERROR(_xlfn.MINIFS(Changements!$B:$B,Changements!$A:$A,A66,Changements!$D:$D,B66),""))) | I66: =IF(M66=0,"",IFERROR(_xlfn.MAXIFS(Changements!$B:$B,Changements!$A:$A,A66,Changements!$C:$C,B66),"")) | J66: =IF(OR(B66="",C66<>"Oui"),"",O66-N66) | K66: =IF(AND(B66<>"",ISNUMBER(J66)),1,0) -> 0 | L66: =IF(B66="",0,COUNTIFS(Changements!$A:$A,A66,Changements!$D:$D,B66)+IF(E66="Oui",1,0)) -> 0 | M66: =IF(B66="",0,COUNTIFS(Changements!$A:$A,A66,Changements!$C:$C,B66)) -> 0 | N66: =IF(B66="",0,SUMIFS(Changements!$B:$B,Changements!$A:$A,A66,Changements!$D:$D,B66)) -> 0 | O66: =IF(B66="",0,SUMIFS(Changements!$B:$B,Changements!$A:$A,A66,Changements!$C:$C,B66)+IF(L66>M66,IFERROR(INDEX(Matchs!$F$4:$F$31,MATCH(A66,Matchs!$A$4:$A$31,0)),0),0)) -> 0 | P66: =IF(AND(B66<>"",C66="Oui"),1,0) -> 0 | Q66: =IF(AND(B66<>"",E66="Oui"),1,0) -> 0
A67: =INT((ROW()-4)/24)+1 -> 3 | B67: =INDEX('Effectif Saison'!$E$4:$E$22,16) -> Lenny LEPPER | F67: =IF(B67="","",IF(AND(E67="Oui",COUNTIFS(Changements!$A:$A,A67,Changements!$D:$D,B67)>0),"⚠ Titulaire+entrée ?",IF(ABS(L67-M67)>1,"⚠ vérifier",""))) | G67: =IF(B67="","",IFERROR(INDEX('Effectif Saison'!$D$4:$D$51,MATCH(B67,'Effectif Saison'!$E$4:$E$51,0)),"")) -> Équipe 1 | H67: =IF(L67=0,"",IF(E67="Oui",0,IFERROR(_xlfn.MINIFS(Changements!$B:$B,Changements!$A:$A,A67,Changements!$D:$D,B67),""))) | I67: =IF(M67=0,"",IFERROR(_xlfn.MAXIFS(Changements!$B:$B,Changements!$A:$A,A67,Changements!$C:$C,B67),"")) | J67: =IF(OR(B67="",C67<>"Oui"),"",O67-N67) | K67: =IF(AND(B67<>"",ISNUMBER(J67)),1,0) -> 0 | L67: =IF(B67="",0,COUNTIFS(Changements!$A:$A,A67,Changements!$D:$D,B67)+IF(E67="Oui",1,0)) -> 0 | M67: =IF(B67="",0,COUNTIFS(Changements!$A:$A,A67,Changements!$C:$C,B67)) -> 0 | N67: =IF(B67="",0,SUMIFS(Changements!$B:$B,Changements!$A:$A,A67,Changements!$D:$D,B67)) -> 0 | O67: =IF(B67="",0,SUMIFS(Changements!$B:$B,Changements!$A:$A,A67,Changements!$C:$C,B67)+IF(L67>M67,IFERROR(INDEX(Matchs!$F$4:$F$31,MATCH(A67,Matchs!$A$4:$A$31,0)),0),0)) -> 0 | P67: =IF(AND(B67<>"",C67="Oui"),1,0) -> 0 | Q67: =IF(AND(B67<>"",E67="Oui"),1,0) -> 0
A68: =INT((ROW()-4)/24)+1 -> 3 | B68: =INDEX('Effectif Saison'!$E$4:$E$22,17) -> Malo KELLER | F68: =IF(B68="","",IF(AND(E68="Oui",COUNTIFS(Changements!$A:$A,A68,Changements!$D:$D,B68)>0),"⚠ Titulaire+entrée ?",IF(ABS(L68-M68)>1,"⚠ vérifier",""))) | G68: =IF(B68="","",IFERROR(INDEX('Effectif Saison'!$D$4:$D$51,MATCH(B68,'Effectif Saison'!$E$4:$E$51,0)),"")) -> Équipe 1 | H68: =IF(L68=0,"",IF(E68="Oui",0,IFERROR(_xlfn.MINIFS(Changements!$B:$B,Changements!$A:$A,A68,Changements!$D:$D,B68),""))) | I68: =IF(M68=0,"",IFERROR(_xlfn.MAXIFS(Changements!$B:$B,Changements!$A:$A,A68,Changements!$C:$C,B68),"")) | J68: =IF(OR(B68="",C68<>"Oui"),"",O68-N68) | K68: =IF(AND(B68<>"",ISNUMBER(J68)),1,0) -> 0 | L68: =IF(B68="",0,COUNTIFS(Changements!$A:$A,A68,Changements!$D:$D,B68)+IF(E68="Oui",1,0)) -> 0 | M68: =IF(B68="",0,COUNTIFS(Changements!$A:$A,A68,Changements!$C:$C,B68)) -> 0 | N68: =IF(B68="",0,SUMIFS(Changements!$B:$B,Changements!$A:$A,A68,Changements!$D:$D,B68)) -> 0 | O68: =IF(B68="",0,SUMIFS(Changements!$B:$B,Changements!$A:$A,A68,Changements!$C:$C,B68)+IF(L68>M68,IFERROR(INDEX(Matchs!$F$4:$F$31,MATCH(A68,Matchs!$A$4:$A$31,0)),0),0)) -> 0 | P68: =IF(AND(B68<>"",C68="Oui"),1,0) -> 0 | Q68: =IF(AND(B68<>"",E68="Oui"),1,0) -> 0
A69: =INT((ROW()-4)/24)+1 -> 3 | B69: =INDEX('Effectif Saison'!$E$4:$E$22,18) -> Tom SCHILLER | F69: =IF(B69="","",IF(AND(E69="Oui",COUNTIFS(Changements!$A:$A,A69,Changements!$D:$D,B69)>0),"⚠ Titulaire+entrée ?",IF(ABS(L69-M69)>1,"⚠ vérifier",""))) | G69: =IF(B69="","",IFERROR(INDEX('Effectif Saison'!$D$4:$D$51,MATCH(B69,'Effectif Saison'!$E$4:$E$51,0)),"")) -> Équipe 1 | H69: =IF(L69=0,"",IF(E69="Oui",0,IFERROR(_xlfn.MINIFS(Changements!$B:$B,Changements!$A:$A,A69,Changements!$D:$D,B69),""))) | I69: =IF(M69=0,"",IFERROR(_xlfn.MAXIFS(Changements!$B:$B,Changements!$A:$A,A69,Changements!$C:$C,B69),"")) | J69: =IF(OR(B69="",C69<>"Oui"),"",O69-N69) | K69: =IF(AND(B69<>"",ISNUMBER(J69)),1,0) -> 0 | L69: =IF(B69="",0,COUNTIFS(Changements!$A:$A,A69,Changements!$D:$D,B69)+IF(E69="Oui",1,0)) -> 0 | M69: =IF(B69="",0,COUNTIFS(Changements!$A:$A,A69,Changements!$C:$C,B69)) -> 0 | N69: =IF(B69="",0,SUMIFS(Changements!$B:$B,Changements!$A:$A,A69,Changements!$D:$D,B69)) -> 0 | O69: =IF(B69="",0,SUMIFS(Changements!$B:$B,Changements!$A:$A,A69,Changements!$C:$C,B69)+IF(L69>M69,IFERROR(INDEX(Matchs!$F$4:$F$31,MATCH(A69,Matchs!$A$4:$A$31,0)),0),0)) -> 0 | P69: =IF(AND(B69<>"",C69="Oui"),1,0) -> 0 | Q69: =IF(AND(B69<>"",E69="Oui"),1,0) -> 0
A70: =INT((ROW()-4)/24)+1 -> 3 | B70: =INDEX('Effectif Saison'!$E$4:$E$22,19) -> Eliot LEIBY | F70: =IF(B70="","",IF(AND(E70="Oui",COUNTIFS(Changements!$A:$A,A70,Changements!$D:$D,B70)>0),"⚠ Titulaire+entrée ?",IF(ABS(L70-M70)>1,"⚠ vérifier",""))) | G70: =IF(B70="","",IFERROR(INDEX('Effectif Saison'!$D$4:$D$51,MATCH(B70,'Effectif Saison'!$E$4:$E$51,0)),"")) -> Équipe 1 | H70: =IF(L70=0,"",IF(E70="Oui",0,IFERROR(_xlfn.MINIFS(Changements!$B:$B,Changements!$A:$A,A70,Changements!$D:$D,B70),""))) | I70: =IF(M70=0,"",IFERROR(_xlfn.MAXIFS(Changements!$B:$B,Changements!$A:$A,A70,Changements!$C:$C,B70),"")) | J70: =IF(OR(B70="",C70<>"Oui"),"",O70-N70) | K70: =IF(AND(B70<>"",ISNUMBER(J70)),1,0) -> 0 | L70: =IF(B70="",0,COUNTIFS(Changements!$A:$A,A70,Changements!$D:$D,B70)+IF(E70="Oui",1,0)) -> 0 | M70: =IF(B70="",0,COUNTIFS(Changements!$A:$A,A70,Changements!$C:$C,B70)) -> 0 | N70: =IF(B70="",0,SUMIFS(Changements!$B:$B,Changements!$A:$A,A70,Changements!$D:$D,B70)) -> 0 | O70: =IF(B70="",0,SUMIFS(Changements!$B:$B,Changements!$A:$A,A70,Changements!$C:$C,B70)+IF(L70>M70,IFERROR(INDEX(Matchs!$F$4:$F$31,MATCH(A70,Matchs!$A$4:$A$31,0)),0),0)) -> 0 | P70: =IF(AND(B70<>"",C70="Oui"),1,0) -> 0 | Q70: =IF(AND(B70<>"",E70="Oui"),1,0) -> 0
A71: =INT((ROW()-4)/24)+1 -> 3 | F71: =IF(B71="","",IF(AND(E71="Oui",COUNTIFS(Changements!$A:$A,A71,Changements!$D:$D,B71)>0),"⚠ Titulaire+entrée ?",IF(ABS(L71-M71)>1,"⚠ vérifier",""))) | G71: =IF(B71="","",IFERROR(INDEX('Effectif Saison'!$D$4:$D$51,MATCH(B71,'Effectif Saison'!$E$4:$E$51,0)),"")) | H71: =IF(L71=0,"",IF(E71="Oui",0,IFERROR(_xlfn.MINIFS(Changements!$B:$B,Changements!$A:$A,A71,Changements!$D:$D,B71),""))) | I71: =IF(M71=0,"",IFERROR(_xlfn.MAXIFS(Changements!$B:$B,Changements!$A:$A,A71,Changements!$C:$C,B71),"")) | J71: =IF(OR(B71="",C71<>"Oui"),"",O71-N71) | K71: =IF(AND(B71<>"",ISNUMBER(J71)),1,0) -> 0 | L71: =IF(B71="",0,COUNTIFS(Changements!$A:$A,A71,Changements!$D:$D,B71)+IF(E71="Oui",1,0)) -> 0 | M71: =IF(B71="",0,COUNTIFS(Changements!$A:$A,A71,Changements!$C:$C,B71)) -> 0 | N71: =IF(B71="",0,SUMIFS(Changements!$B:$B,Changements!$A:$A,A71,Changements!$D:$D,B71)) -> 0 | O71: =IF(B71="",0,SUMIFS(Changements!$B:$B,Changements!$A:$A,A71,Changements!$C:$C,B71)+IF(L71>M71,IFERROR(INDEX(Matchs!$F$4:$F$31,MATCH(A71,Matchs!$A$4:$A$31,0)),0),0)) -> 0 | P71: =IF(AND(B71<>"",C71="Oui"),1,0) -> 0 | Q71: =IF(AND(B71<>"",E71="Oui"),1,0) -> 0
A72: =INT((ROW()-4)/24)+1 -> 3 | F72: =IF(B72="","",IF(AND(E72="Oui",COUNTIFS(Changements!$A:$A,A72,Changements!$D:$D,B72)>0),"⚠ Titulaire+entrée ?",IF(ABS(L72-M72)>1,"⚠ vérifier",""))) | G72: =IF(B72="","",IFERROR(INDEX('Effectif Saison'!$D$4:$D$51,MATCH(B72,'Effectif Saison'!$E$4:$E$51,0)),"")) | H72: =IF(L72=0,"",IF(E72="Oui",0,IFERROR(_xlfn.MINIFS(Changements!$B:$B,Changements!$A:$A,A72,Changements!$D:$D,B72),""))) | I72: =IF(M72=0,"",IFERROR(_xlfn.MAXIFS(Changements!$B:$B,Changements!$A:$A,A72,Changements!$C:$C,B72),"")) | J72: =IF(OR(B72="",C72<>"Oui"),"",O72-N72) | K72: =IF(AND(B72<>"",ISNUMBER(J72)),1,0) -> 0 | L72: =IF(B72="",0,COUNTIFS(Changements!$A:$A,A72,Changements!$D:$D,B72)+IF(E72="Oui",1,0)) -> 0 | M72: =IF(B72="",0,COUNTIFS(Changements!$A:$A,A72,Changements!$C:$C,B72)) -> 0 | N72: =IF(B72="",0,SUMIFS(Changements!$B:$B,Changements!$A:$A,A72,Changements!$D:$D,B72)) -> 0 | O72: =IF(B72="",0,SUMIFS(Changements!$B:$B,Changements!$A:$A,A72,Changements!$C:$C,B72)+IF(L72>M72,IFERROR(INDEX(Matchs!$F$4:$F$31,MATCH(A72,Matchs!$A$4:$A$31,0)),0),0)) -> 0 | P72: =IF(AND(B72<>"",C72="Oui"),1,0) -> 0 | Q72: =IF(AND(B72<>"",E72="Oui"),1,0) -> 0
A73: =INT((ROW()-4)/24)+1 -> 3 | F73: =IF(B73="","",IF(AND(E73="Oui",COUNTIFS(Changements!$A:$A,A73,Changements!$D:$D,B73)>0),"⚠ Titulaire+entrée ?",IF(ABS(L73-M73)>1,"⚠ vérifier",""))) | G73: =IF(B73="","",IFERROR(INDEX('Effectif Saison'!$D$4:$D$51,MATCH(B73,'Effectif Saison'!$E$4:$E$51,0)),"")) | H73: =IF(L73=0,"",IF(E73="Oui",0,IFERROR(_xlfn.MINIFS(Changements!$B:$B,Changements!$A:$A,A73,Changements!$D:$D,B73),""))) | I73: =IF(M73=0,"",IFERROR(_xlfn.MAXIFS(Changements!$B:$B,Changements!$A:$A,A73,Changements!$C:$C,B73),"")) | J73: =IF(OR(B73="",C73<>"Oui"),"",O73-N73) | K73: =IF(AND(B73<>"",ISNUMBER(J73)),1,0) -> 0 | L73: =IF(B73="",0,COUNTIFS(Changements!$A:$A,A73,Changements!$D:$D,B73)+IF(E73="Oui",1,0)) -> 0 | M73: =IF(B73="",0,COUNTIFS(Changements!$A:$A,A73,Changements!$C:$C,B73)) -> 0 | N73: =IF(B73="",0,SUMIFS(Changements!$B:$B,Changements!$A:$A,A73,Changements!$D:$D,B73)) -> 0 | O73: =IF(B73="",0,SUMIFS(Changements!$B:$B,Changements!$A:$A,A73,Changements!$C:$C,B73)+IF(L73>M73,IFERROR(INDEX(Matchs!$F$4:$F$31,MATCH(A73,Matchs!$A$4:$A$31,0)),0),0)) -> 0 | P73: =IF(AND(B73<>"",C73="Oui"),1,0) -> 0 | Q73: =IF(AND(B73<>"",E73="Oui"),1,0) -> 0
A74: =INT((ROW()-4)/24)+1 -> 3 | F74: =IF(B74="","",IF(AND(E74="Oui",COUNTIFS(Changements!$A:$A,A74,Changements!$D:$D,B74)>0),"⚠ Titulaire+entrée ?",IF(ABS(L74-M74)>1,"⚠ vérifier",""))) | G74: =IF(B74="","",IFERROR(INDEX('Effectif Saison'!$D$4:$D$51,MATCH(B74,'Effectif Saison'!$E$4:$E$51,0)),"")) | H74: =IF(L74=0,"",IF(E74="Oui",0,IFERROR(_xlfn.MINIFS(Changements!$B:$B,Changements!$A:$A,A74,Changements!$D:$D,B74),""))) | I74: =IF(M74=0,"",IFERROR(_xlfn.MAXIFS(Changements!$B:$B,Changements!$A:$A,A74,Changements!$C:$C,B74),"")) | J74: =IF(OR(B74="",C74<>"Oui"),"",O74-N74) | K74: =IF(AND(B74<>"",ISNUMBER(J74)),1,0) -> 0 | L74: =IF(B74="",0,COUNTIFS(Changements!$A:$A,A74,Changements!$D:$D,B74)+IF(E74="Oui",1,0)) -> 0 | M74: =IF(B74="",0,COUNTIFS(Changements!$A:$A,A74,Changements!$C:$C,B74)) -> 0 | N74: =IF(B74="",0,SUMIFS(Changements!$B:$B,Changements!$A:$A,A74,Changements!$D:$D,B74)) -> 0 | O74: =IF(B74="",0,SUMIFS(Changements!$B:$B,Changements!$A:$A,A74,Changements!$C:$C,B74)+IF(L74>M74,IFERROR(INDEX(Matchs!$F$4:$F$31,MATCH(A74,Matchs!$A$4:$A$31,0)),0),0)) -> 0 | P74: =IF(AND(B74<>"",C74="Oui"),1,0) -> 0 | Q74: =IF(AND(B74<>"",E74="Oui"),1,0) -> 0
A75: =INT((ROW()-4)/24)+1 -> 3 | F75: =IF(B75="","",IF(AND(E75="Oui",COUNTIFS(Changements!$A:$A,A75,Changements!$D:$D,B75)>0),"⚠ Titulaire+entrée ?",IF(ABS(L75-M75)>1,"⚠ vérifier",""))) | G75: =IF(B75="","",IFERROR(INDEX('Effectif Saison'!$D$4:$D$51,MATCH(B75,'Effectif Saison'!$E$4:$E$51,0)),"")) | H75: =IF(L75=0,"",IF(E75="Oui",0,IFERROR(_xlfn.MINIFS(Changements!$B:$B,Changements!$A:$A,A75,Changements!$D:$D,B75),""))) | I75: =IF(M75=0,"",IFERROR(_xlfn.MAXIFS(Changements!$B:$B,Changements!$A:$A,A75,Changements!$C:$C,B75),"")) | J75: =IF(OR(B75="",C75<>"Oui"),"",O75-N75) | K75: =IF(AND(B75<>"",ISNUMBER(J75)),1,0) -> 0 | L75: =IF(B75="",0,COUNTIFS(Changements!$A:$A,A75,Changements!$D:$D,B75)+IF(E75="Oui",1,0)) -> 0 | M75: =IF(B75="",0,COUNTIFS(Changements!$A:$A,A75,Changements!$C:$C,B75)) -> 0 | N75: =IF(B75="",0,SUMIFS(Changements!$B:$B,Changements!$A:$A,A75,Changements!$D:$D,B75)) -> 0 | O75: =IF(B75="",0,SUMIFS(Changements!$B:$B,Changements!$A:$A,A75,Changements!$C:$C,B75)+IF(L75>M75,IFERROR(INDEX(Matchs!$F$4:$F$31,MATCH(A75,Matchs!$A$4:$A$31,0)),0),0)) -> 0 | P75: =IF(AND(B75<>"",C75="Oui"),1,0) -> 0 | Q75: =IF(AND(B75<>"",E75="Oui"),1,0) -> 0
A76: =INT((ROW()-4)/24)+1 -> 4 | B76: =INDEX('Effectif Saison'!$E$4:$E$22,1) -> Alan MICHON | F76: =IF(B76="","",IF(AND(E76="Oui",COUNTIFS(Changements!$A:$A,A76,Changements!$D:$D,B76)>0),"⚠ Titulaire+entrée ?",IF(ABS(L76-M76)>1,"⚠ vérifier",""))) | G76: =IF(B76="","",IFERROR(INDEX('Effectif Saison'!$D$4:$D$51,MATCH(B76,'Effectif Saison'!$E$4:$E$51,0)),"")) -> Équipe 1 | H76: =IF(L76=0,"",IF(E76="Oui",0,IFERROR(_xlfn.MINIFS(Changements!$B:$B,Changements!$A:$A,A76,Changements!$D:$D,B76),""))) | I76: =IF(M76=0,"",IFERROR(_xlfn.MAXIFS(Changements!$B:$B,Changements!$A:$A,A76,Changements!$C:$C,B76),"")) | J76: =IF(OR(B76="",C76<>"Oui"),"",O76-N76) | K76: =IF(AND(B76<>"",ISNUMBER(J76)),1,0) -> 0 | L76: =IF(B76="",0,COUNTIFS(Changements!$A:$A,A76,Changements!$D:$D,B76)+IF(E76="Oui",1,0)) -> 0 | M76: =IF(B76="",0,COUNTIFS(Changements!$A:$A,A76,Changements!$C:$C,B76)) -> 0 | N76: =IF(B76="",0,SUMIFS(Changements!$B:$B,Changements!$A:$A,A76,Changements!$D:$D,B76)) -> 0 | O76: =IF(B76="",0,SUMIFS(Changements!$B:$B,Changements!$A:$A,A76,Changements!$C:$C,B76)+IF(L76>M76,IFERROR(INDEX(Matchs!$F$4:$F$31,MATCH(A76,Matchs!$A$4:$A$31,0)),0),0)) -> 0 | P76: =IF(AND(B76<>"",C76="Oui"),1,0) -> 0 | Q76: =IF(AND(B76<>"",E76="Oui"),1,0) -> 0
A77: =INT((ROW()-4)/24)+1 -> 4 | B77: =INDEX('Effectif Saison'!$E$4:$E$22,2) -> Jean BRUNTZ | F77: =IF(B77="","",IF(AND(E77="Oui",COUNTIFS(Changements!$A:$A,A77,Changements!$D:$D,B77)>0),"⚠ Titulaire+entrée ?",IF(ABS(L77-M77)>1,"⚠ vérifier",""))) | G77: =IF(B77="","",IFERROR(INDEX('Effectif Saison'!$D$4:$D$51,MATCH(B77,'Effectif Saison'!$E$4:$E$51,0)),"")) -> Équipe 1 | H77: =IF(L77=0,"",IF(E77="Oui",0,IFERROR(_xlfn.MINIFS(Changements!$B:$B,Changements!$A:$A,A77,Changements!$D:$D,B77),""))) | I77: =IF(M77=0,"",IFERROR(_xlfn.MAXIFS(Changements!$B:$B,Changements!$A:$A,A77,Changements!$C:$C,B77),"")) | J77: =IF(OR(B77="",C77<>"Oui"),"",O77-N77) | K77: =IF(AND(B77<>"",ISNUMBER(J77)),1,0) -> 0 | L77: =IF(B77="",0,COUNTIFS(Changements!$A:$A,A77,Changements!$D:$D,B77)+IF(E77="Oui",1,0)) -> 0 | M77: =IF(B77="",0,COUNTIFS(Changements!$A:$A,A77,Changements!$C:$C,B77)) -> 0 | N77: =IF(B77="",0,SUMIFS(Changements!$B:$B,Changements!$A:$A,A77,Changements!$D:$D,B77)) -> 0 | O77: =IF(B77="",0,SUMIFS(Changements!$B:$B,Changements!$A:$A,A77,Changements!$C:$C,B77)+IF(L77>M77,IFERROR(INDEX(Matchs!$F$4:$F$31,MATCH(A77,Matchs!$A$4:$A$31,0)),0),0)) -> 0 | P77: =IF(AND(B77<>"",C77="Oui"),1,0) -> 0 | Q77: =IF(AND(B77<>"",E77="Oui"),1,0) -> 0
A78: =INT((ROW()-4)/24)+1 -> 4 | B78: =INDEX('Effectif Saison'!$E$4:$E$22,3) -> Marouane SBK | F78: =IF(B78="","",IF(AND(E78="Oui",COUNTIFS(Changements!$A:$A,A78,Changements!$D:$D,B78)>0),"⚠ Titulaire+entrée ?",IF(ABS(L78-M78)>1,"⚠ vérifier",""))) | G78: =IF(B78="","",IFERROR(INDEX('Effectif Saison'!$D$4:$D$51,MATCH(B78,'Effectif Saison'!$E$4:$E$51,0)),"")) -> Équipe 1 | H78: =IF(L78=0,"",IF(E78="Oui",0,IFERROR(_xlfn.MINIFS(Changements!$B:$B,Changements!$A:$A,A78,Changements!$D:$D,B78),""))) | I78: =IF(M78=0,"",IFERROR(_xlfn.MAXIFS(Changements!$B:$B,Changements!$A:$A,A78,Changements!$C:$C,B78),"")) | J78: =IF(OR(B78="",C78<>"Oui"),"",O78-N78) | K78: =IF(AND(B78<>"",ISNUMBER(J78)),1,0) -> 0 | L78: =IF(B78="",0,COUNTIFS(Changements!$A:$A,A78,Changements!$D:$D,B78)+IF(E78="Oui",1,0)) -> 0 | M78: =IF(B78="",0,COUNTIFS(Changements!$A:$A,A78,Changements!$C:$C,B78)) -> 0 | N78: =IF(B78="",0,SUMIFS(Changements!$B:$B,Changements!$A:$A,A78,Changements!$D:$D,B78)) -> 0 | O78: =IF(B78="",0,SUMIFS(Changements!$B:$B,Changements!$A:$A,A78,Changements!$C:$C,B78)+IF(L78>M78,IFERROR(INDEX(Matchs!$F$4:$F$31,MATCH(A78,Matchs!$A$4:$A$31,0)),0),0)) -> 0 | P78: =IF(AND(B78<>"",C78="Oui"),1,0) -> 0 | Q78: =IF(AND(B78<>"",E78="Oui"),1,0) -> 0
A79: =INT((ROW()-4)/24)+1 -> 4 | B79: =INDEX('Effectif Saison'!$E$4:$E$22,4) -> Noé BIHL | F79: =IF(B79="","",IF(AND(E79="Oui",COUNTIFS(Changements!$A:$A,A79,Changements!$D:$D,B79)>0),"⚠ Titulaire+entrée ?",IF(ABS(L79-M79)>1,"⚠ vérifier",""))) | G79: =IF(B79="","",IFERROR(INDEX('Effectif Saison'!$D$4:$D$51,MATCH(B79,'Effectif Saison'!$E$4:$E$51,0)),"")) -> Équipe 1 | H79: =IF(L79=0,"",IF(E79="Oui",0,IFERROR(_xlfn.MINIFS(Changements!$B:$B,Changements!$A:$A,A79,Changements!$D:$D,B79),""))) | I79: =IF(M79=0,"",IFERROR(_xlfn.MAXIFS(Changements!$B:$B,Changements!$A:$A,A79,Changements!$C:$C,B79),"")) | J79: =IF(OR(B79="",C79<>"Oui"),"",O79-N79) | K79: =IF(AND(B79<>"",ISNUMBER(J79)),1,0) -> 0 | L79: =IF(B79="",0,COUNTIFS(Changements!$A:$A,A79,Changements!$D:$D,B79)+IF(E79="Oui",1,0)) -> 0 | M79: =IF(B79="",0,COUNTIFS(Changements!$A:$A,A79,Changements!$C:$C,B79)) -> 0 | N79: =IF(B79="",0,SUMIFS(Changements!$B:$B,Changements!$A:$A,A79,Changements!$D:$D,B79)) -> 0 | O79: =IF(B79="",0,SUMIFS(Changements!$B:$B,Changements!$A:$A,A79,Changements!$C:$C,B79)+IF(L79>M79,IFERROR(INDEX(Matchs!$F$4:$F$31,MATCH(A79,Matchs!$A$4:$A$31,0)),0),0)) -> 0 | P79: =IF(AND(B79<>"",C79="Oui"),1,0) -> 0 | Q79: =IF(AND(B79<>"",E79="Oui"),1,0) -> 0
A80: =INT((ROW()-4)/24)+1 -> 4 | B80: =INDEX('Effectif Saison'!$E$4:$E$22,5) -> Luca COLAIANNI | F80: =IF(B80="","",IF(AND(E80="Oui",COUNTIFS(Changements!$A:$A,A80,Changements!$D:$D,B80)>0),"⚠ Titulaire+entrée ?",IF(ABS(L80-M80)>1,"⚠ vérifier",""))) | G80: =IF(B80="","",IFERROR(INDEX('Effectif Saison'!$D$4:$D$51,MATCH(B80,'Effectif Saison'!$E$4:$E$51,0)),"")) -> Équipe 1 | H80: =IF(L80=0,"",IF(E80="Oui",0,IFERROR(_xlfn.MINIFS(Changements!$B:$B,Changements!$A:$A,A80,Changements!$D:$D,B80),""))) | I80: =IF(M80=0,"",IFERROR(_xlfn.MAXIFS(Changements!$B:$B,Changements!$A:$A,A80,Changements!$C:$C,B80),"")) | J80: =IF(OR(B80="",C80<>"Oui"),"",O80-N80) | K80: =IF(AND(B80<>"",ISNUMBER(J80)),1,0) -> 0 | L80: =IF(B80="",0,COUNTIFS(Changements!$A:$A,A80,Changements!$D:$D,B80)+IF(E80="Oui",1,0)) -> 0 | M80: =IF(B80="",0,COUNTIFS(Changements!$A:$A,A80,Changements!$C:$C,B80)) -> 0 | N80: =IF(B80="",0,SUMIFS(Changements!$B:$B,Changements!$A:$A,A80,Changements!$D:$D,B80)) -> 0 | O80: =IF(B80="",0,SUMIFS(Changements!$B:$B,Changements!$A:$A,A80,Changements!$C:$C,B80)+IF(L80>M80,IFERROR(INDEX(Matchs!$F$4:$F$31,MATCH(A80,Matchs!$A$4:$A$31,0)),0),0)) -> 0 | P80: =IF(AND(B80<>"",C80="Oui"),1,0) -> 0 | Q80: =IF(AND(B80<>"",E80="Oui"),1,0) -> 0
A81: =INT((ROW()-4)/24)+1 -> 4 | B81: =INDEX('Effectif Saison'!$E$4:$E$22,6) -> Atilla ER | F81: =IF(B81="","",IF(AND(E81="Oui",COUNTIFS(Changements!$A:$A,A81,Changements!$D:$D,B81)>0),"⚠ Titulaire+entrée ?",IF(ABS(L81-M81)>1,"⚠ vérifier",""))) | G81: =IF(B81="","",IFERROR(INDEX('Effectif Saison'!$D$4:$D$51,MATCH(B81,'Effectif Saison'!$E$4:$E$51,0)),"")) -> Équipe 1 | H81: =IF(L81=0,"",IF(E81="Oui",0,IFERROR(_xlfn.MINIFS(Changements!$B:$B,Changements!$A:$A,A81,Changements!$D:$D,B81),""))) | I81: =IF(M81=0,"",IFERROR(_xlfn.MAXIFS(Changements!$B:$B,Changements!$A:$A,A81,Changements!$C:$C,B81),"")) | J81: =IF(OR(B81="",C81<>"Oui"),"",O81-N81) | K81: =IF(AND(B81<>"",ISNUMBER(J81)),1,0) -> 0 | L81: =IF(B81="",0,COUNTIFS(Changements!$A:$A,A81,Changements!$D:$D,B81)+IF(E81="Oui",1,0)) -> 0 | M81: =IF(B81="",0,COUNTIFS(Changements!$A:$A,A81,Changements!$C:$C,B81)) -> 0 | N81: =IF(B81="",0,SUMIFS(Changements!$B:$B,Changements!$A:$A,A81,Changements!$D:$D,B81)) -> 0 | O81: =IF(B81="",0,SUMIFS(Changements!$B:$B,Changements!$A:$A,A81,Changements!$C:$C,B81)+IF(L81>M81,IFERROR(INDEX(Matchs!$F$4:$F$31,MATCH(A81,Matchs!$A$4:$A$31,0)),0),0)) -> 0 | P81: =IF(AND(B81<>"",C81="Oui"),1,0) -> 0 | Q81: =IF(AND(B81<>"",E81="Oui"),1,0) -> 0
A82: =INT((ROW()-4)/24)+1 -> 4 | B82: =INDEX('Effectif Saison'!$E$4:$E$22,7) -> Lucas BUHR | F82: =IF(B82="","",IF(AND(E82="Oui",COUNTIFS(Changements!$A:$A,A82,Changements!$D:$D,B82)>0),"⚠ Titulaire+entrée ?",IF(ABS(L82-M82)>1,"⚠ vérifier",""))) | G82: =IF(B82="","",IFERROR(INDEX('Effectif Saison'!$D$4:$D$51,MATCH(B82,'Effectif Saison'!$E$4:$E$51,0)),"")) -> Équipe 1 | H82: =IF(L82=0,"",IF(E82="Oui",0,IFERROR(_xlfn.MINIFS(Changements!$B:$B,Changements!$A:$A,A82,Changements!$D:$D,B82),""))) | I82: =IF(M82=0,"",IFERROR(_xlfn.MAXIFS(Changements!$B:$B,Changements!$A:$A,A82,Changements!$C:$C,B82),"")) | J82: =IF(OR(B82="",C82<>"Oui"),"",O82-N82) | K82: =IF(AND(B82<>"",ISNUMBER(J82)),1,0) -> 0 | L82: =IF(B82="",0,COUNTIFS(Changements!$A:$A,A82,Changements!$D:$D,B82)+IF(E82="Oui",1,0)) -> 0 | M82: =IF(B82="",0,COUNTIFS(Changements!$A:$A,A82,Changements!$C:$C,B82)) -> 0 | N82: =IF(B82="",0,SUMIFS(Changements!$B:$B,Changements!$A:$A,A82,Changements!$D:$D,B82)) -> 0 | O82: =IF(B82="",0,SUMIFS(Changements!$B:$B,Changements!$A:$A,A82,Changements!$C:$C,B82)+IF(L82>M82,IFERROR(INDEX(Matchs!$F$4:$F$31,MATCH(A82,Matchs!$A$4:$A$31,0)),0),0)) -> 0 | P82: =IF(AND(B82<>"",C82="Oui"),1,0) -> 0 | Q82: =IF(AND(B82<>"",E82="Oui"),1,0) -> 0
A83: =INT((ROW()-4)/24)+1 -> 4 | B83: =INDEX('Effectif Saison'!$E$4:$E$22,8) -> Yanis HOUX | F83: =IF(B83="","",IF(AND(E83="Oui",COUNTIFS(Changements!$A:$A,A83,Changements!$D:$D,B83)>0),"⚠ Titulaire+entrée ?",IF(ABS(L83-M83)>1,"⚠ vérifier",""))) | G83: =IF(B83="","",IFERROR(INDEX('Effectif Saison'!$D$4:$D$51,MATCH(B83,'Effectif Saison'!$E$4:$E$51,0)),"")) -> Équipe 1 | H83: =IF(L83=0,"",IF(E83="Oui",0,IFERROR(_xlfn.MINIFS(Changements!$B:$B,Changements!$A:$A,A83,Changements!$D:$D,B83),""))) | I83: =IF(M83=0,"",IFERROR(_xlfn.MAXIFS(Changements!$B:$B,Changements!$A:$A,A83,Changements!$C:$C,B83),"")) | J83: =IF(OR(B83="",C83<>"Oui"),"",O83-N83) | K83: =IF(AND(B83<>"",ISNUMBER(J83)),1,0) -> 0 | L83: =IF(B83="",0,COUNTIFS(Changements!$A:$A,A83,Changements!$D:$D,B83)+IF(E83="Oui",1,0)) -> 0 | M83: =IF(B83="",0,COUNTIFS(Changements!$A:$A,A83,Changements!$C:$C,B83)) -> 0 | N83: =IF(B83="",0,SUMIFS(Changements!$B:$B,Changements!$A:$A,A83,Changements!$D:$D,B83)) -> 0 | O83: =IF(B83="",0,SUMIFS(Changements!$B:$B,Changements!$A:$A,A83,Changements!$C:$C,B83)+IF(L83>M83,IFERROR(INDEX(Matchs!$F$4:$F$31,MATCH(A83,Matchs!$A$4:$A$31,0)),0),0)) -> 0 | P83: =IF(AND(B83<>"",C83="Oui"),1,0) -> 0 | Q83: =IF(AND(B83<>"",E83="Oui"),1,0) -> 0
A84: =INT((ROW()-4)/24)+1 -> 4 | B84: =INDEX('Effectif Saison'!$E$4:$E$22,9) -> Tino COLAIANNI | F84: =IF(B84="","",IF(AND(E84="Oui",COUNTIFS(Changements!$A:$A,A84,Changements!$D:$D,B84)>0),"⚠ Titulaire+entrée ?",IF(ABS(L84-M84)>1,"⚠ vérifier",""))) | G84: =IF(B84="","",IFERROR(INDEX('Effectif Saison'!$D$4:$D$51,MATCH(B84,'Effectif Saison'!$E$4:$E$51,0)),"")) -> Équipe 1 | H84: =IF(L84=0,"",IF(E84="Oui",0,IFERROR(_xlfn.MINIFS(Changements!$B:$B,Changements!$A:$A,A84,Changements!$D:$D,B84),""))) | I84: =IF(M84=0,"",IFERROR(_xlfn.MAXIFS(Changements!$B:$B,Changements!$A:$A,A84,Changements!$C:$C,B84),"")) | J84: =IF(OR(B84="",C84<>"Oui"),"",O84-N84) | K84: =IF(AND(B84<>"",ISNUMBER(J84)),1,0) -> 0 | L84: =IF(B84="",0,COUNTIFS(Changements!$A:$A,A84,Changements!$D:$D,B84)+IF(E84="Oui",1,0)) -> 0 | M84: =IF(B84="",0,COUNTIFS(Changements!$A:$A,A84,Changements!$C:$C,B84)) -> 0 | N84: =IF(B84="",0,SUMIFS(Changements!$B:$B,Changements!$A:$A,A84,Changements!$D:$D,B84)) -> 0 | O84: =IF(B84="",0,SUMIFS(Changements!$B:$B,Changements!$A:$A,A84,Changements!$C:$C,B84)+IF(L84>M84,IFERROR(INDEX(Matchs!$F$4:$F$31,MATCH(A84,Matchs!$A$4:$A$31,0)),0),0)) -> 0 | P84: =IF(AND(B84<>"",C84="Oui"),1,0) -> 0 | Q84: =IF(AND(B84<>"",E84="Oui"),1,0) -> 0
A85: =INT((ROW()-4)/24)+1 -> 4 | B85: =INDEX('Effectif Saison'!$E$4:$E$22,10) -> Achille KELLERKNECHT | F85: =IF(B85="","",IF(AND(E85="Oui",COUNTIFS(Changements!$A:$A,A85,Changements!$D:$D,B85)>0),"⚠ Titulaire+entrée ?",IF(ABS(L85-M85)>1,"⚠ vérifier",""))) | G85: =IF(B85="","",IFERROR(INDEX('Effectif Saison'!$D$4:$D$51,MATCH(B85,'Effectif Saison'!$E$4:$E$51,0)),"")) -> Équipe 1 | H85: =IF(L85=0,"",IF(E85="Oui",0,IFERROR(_xlfn.MINIFS(Changements!$B:$B,Changements!$A:$A,A85,Changements!$D:$D,B85),""))) | I85: =IF(M85=0,"",IFERROR(_xlfn.MAXIFS(Changements!$B:$B,Changements!$A:$A,A85,Changements!$C:$C,B85),"")) | J85: =IF(OR(B85="",C85<>"Oui"),"",O85-N85) | K85: =IF(AND(B85<>"",ISNUMBER(J85)),1,0) -> 0 | L85: =IF(B85="",0,COUNTIFS(Changements!$A:$A,A85,Changements!$D:$D,B85)+IF(E85="Oui",1,0)) -> 0 | M85: =IF(B85="",0,COUNTIFS(Changements!$A:$A,A85,Changements!$C:$C,B85)) -> 0 | N85: =IF(B85="",0,SUMIFS(Changements!$B:$B,Changements!$A:$A,A85,Changements!$D:$D,B85)) -> 0 | O85: =IF(B85="",0,SUMIFS(Changements!$B:$B,Changements!$A:$A,A85,Changements!$C:$C,B85)+IF(L85>M85,IFERROR(INDEX(Matchs!$F$4:$F$31,MATCH(A85,Matchs!$A$4:$A$31,0)),0),0)) -> 0 | P85: =IF(AND(B85<>"",C85="Oui"),1,0) -> 0 | Q85: =IF(AND(B85<>"",E85="Oui"),1,0) -> 0
A86: =INT((ROW()-4)/24)+1 -> 4 | B86: =INDEX('Effectif Saison'!$E$4:$E$22,11) -> Charly LEPERT | F86: =IF(B86="","",IF(AND(E86="Oui",COUNTIFS(Changements!$A:$A,A86,Changements!$D:$D,B86)>0),"⚠ Titulaire+entrée ?",IF(ABS(L86-M86)>1,"⚠ vérifier",""))) | G86: =IF(B86="","",IFERROR(INDEX('Effectif Saison'!$D$4:$D$51,MATCH(B86,'Effectif Saison'!$E$4:$E$51,0)),"")) -> Équipe 1 | H86: =IF(L86=0,"",IF(E86="Oui",0,IFERROR(_xlfn.MINIFS(Changements!$B:$B,Changements!$A:$A,A86,Changements!$D:$D,B86),""))) | I86: =IF(M86=0,"",IFERROR(_xlfn.MAXIFS(Changements!$B:$B,Changements!$A:$A,A86,Changements!$C:$C,B86),"")) | J86: =IF(OR(B86="",C86<>"Oui"),"",O86-N86) | K86: =IF(AND(B86<>"",ISNUMBER(J86)),1,0) -> 0 | L86: =IF(B86="",0,COUNTIFS(Changements!$A:$A,A86,Changements!$D:$D,B86)+IF(E86="Oui",1,0)) -> 0 | M86: =IF(B86="",0,COUNTIFS(Changements!$A:$A,A86,Changements!$C:$C,B86)) -> 0 | N86: =IF(B86="",0,SUMIFS(Changements!$B:$B,Changements!$A:$A,A86,Changements!$D:$D,B86)) -> 0 | O86: =IF(B86="",0,SUMIFS(Changements!$B:$B,Changements!$A:$A,A86,Changements!$C:$C,B86)+IF(L86>M86,IFERROR(INDEX(Matchs!$F$4:$F$31,MATCH(A86,Matchs!$A$4:$A$31,0)),0),0)) -> 0 | P86: =IF(AND(B86<>"",C86="Oui"),1,0) -> 0 | Q86: =IF(AND(B86<>"",E86="Oui"),1,0) -> 0
A87: =INT((ROW()-4)/24)+1 -> 4 | B87: =INDEX('Effectif Saison'!$E$4:$E$22,12) -> Basile STANGRET | F87: =IF(B87="","",IF(AND(E87="Oui",COUNTIFS(Changements!$A:$A,A87,Changements!$D:$D,B87)>0),"⚠ Titulaire+entrée ?",IF(ABS(L87-M87)>1,"⚠ vérifier",""))) | G87: =IF(B87="","",IFERROR(INDEX('Effectif Saison'!$D$4:$D$51,MATCH(B87,'Effectif Saison'!$E$4:$E$51,0)),"")) -> Équipe 1 | H87: =IF(L87=0,"",IF(E87="Oui",0,IFERROR(_xlfn.MINIFS(Changements!$B:$B,Changements!$A:$A,A87,Changements!$D:$D,B87),""))) | I87: =IF(M87=0,"",IFERROR(_xlfn.MAXIFS(Changements!$B:$B,Changements!$A:$A,A87,Changements!$C:$C,B87),"")) | J87: =IF(OR(B87="",C87<>"Oui"),"",O87-N87) | K87: =IF(AND(B87<>"",ISNUMBER(J87)),1,0) -> 0 | L87: =IF(B87="",0,COUNTIFS(Changements!$A:$A,A87,Changements!$D:$D,B87)+IF(E87="Oui",1,0)) -> 0 | M87: =IF(B87="",0,COUNTIFS(Changements!$A:$A,A87,Changements!$C:$C,B87)) -> 0 | N87: =IF(B87="",0,SUMIFS(Changements!$B:$B,Changements!$A:$A,A87,Changements!$D:$D,B87)) -> 0 | O87: =IF(B87="",0,SUMIFS(Changements!$B:$B,Changements!$A:$A,A87,Changements!$C:$C,B87)+IF(L87>M87,IFERROR(INDEX(Matchs!$F$4:$F$31,MATCH(A87,Matchs!$A$4:$A$31,0)),0),0)) -> 0 | P87: =IF(AND(B87<>"",C87="Oui"),1,0) -> 0 | Q87: =IF(AND(B87<>"",E87="Oui"),1,0) -> 0
A88: =INT((ROW()-4)/24)+1 -> 4 | B88: =INDEX('Effectif Saison'!$E$4:$E$22,13) -> Maxence KELLER | F88: =IF(B88="","",IF(AND(E88="Oui",COUNTIFS(Changements!$A:$A,A88,Changements!$D:$D,B88)>0),"⚠ Titulaire+entrée ?",IF(ABS(L88-M88)>1,"⚠ vérifier",""))) | G88: =IF(B88="","",IFERROR(INDEX('Effectif Saison'!$D$4:$D$51,MATCH(B88,'Effectif Saison'!$E$4:$E$51,0)),"")) -> Équipe 1 | H88: =IF(L88=0,"",IF(E88="Oui",0,IFERROR(_xlfn.MINIFS(Changements!$B:$B,Changements!$A:$A,A88,Changements!$D:$D,B88),""))) | I88: =IF(M88=0,"",IFERROR(_xlfn.MAXIFS(Changements!$B:$B,Changements!$A:$A,A88,Changements!$C:$C,B88),"")) | J88: =IF(OR(B88="",C88<>"Oui"),"",O88-N88) | K88: =IF(AND(B88<>"",ISNUMBER(J88)),1,0) -> 0 | L88: =IF(B88="",0,COUNTIFS(Changements!$A:$A,A88,Changements!$D:$D,B88)+IF(E88="Oui",1,0)) -> 0 | M88: =IF(B88="",0,COUNTIFS(Changements!$A:$A,A88,Changements!$C:$C,B88)) -> 0 | N88: =IF(B88="",0,SUMIFS(Changements!$B:$B,Changements!$A:$A,A88,Changements!$D:$D,B88)) -> 0 | O88: =IF(B88="",0,SUMIFS(Changements!$B:$B,Changements!$A:$A,A88,Changements!$C:$C,B88)+IF(L88>M88,IFERROR(INDEX(Matchs!$F$4:$F$31,MATCH(A88,Matchs!$A$4:$A$31,0)),0),0)) -> 0 | P88: =IF(AND(B88<>"",C88="Oui"),1,0) -> 0 | Q88: =IF(AND(B88<>"",E88="Oui"),1,0) -> 0
A89: =INT((ROW()-4)/24)+1 -> 4 | B89: =INDEX('Effectif Saison'!$E$4:$E$22,14) -> Evan SCHMITT | F89: =IF(B89="","",IF(AND(E89="Oui",COUNTIFS(Changements!$A:$A,A89,Changements!$D:$D,B89)>0),"⚠ Titulaire+entrée ?",IF(ABS(L89-M89)>1,"⚠ vérifier",""))) | G89: =IF(B89="","",IFERROR(INDEX('Effectif Saison'!$D$4:$D$51,MATCH(B89,'Effectif Saison'!$E$4:$E$51,0)),"")) -> Équipe 1 | H89: =IF(L89=0,"",IF(E89="Oui",0,IFERROR(_xlfn.MINIFS(Changements!$B:$B,Changements!$A:$A,A89,Changements!$D:$D,B89),""))) | I89: =IF(M89=0,"",IFERROR(_xlfn.MAXIFS(Changements!$B:$B,Changements!$A:$A,A89,Changements!$C:$C,B89),"")) | J89: =IF(OR(B89="",C89<>"Oui"),"",O89-N89) | K89: =IF(AND(B89<>"",ISNUMBER(J89)),1,0) -> 0 | L89: =IF(B89="",0,COUNTIFS(Changements!$A:$A,A89,Changements!$D:$D,B89)+IF(E89="Oui",1,0)) -> 0 | M89: =IF(B89="",0,COUNTIFS(Changements!$A:$A,A89,Changements!$C:$C,B89)) -> 0 | N89: =IF(B89="",0,SUMIFS(Changements!$B:$B,Changements!$A:$A,A89,Changements!$D:$D,B89)) -> 0 | O89: =IF(B89="",0,SUMIFS(Changements!$B:$B,Changements!$A:$A,A89,Changements!$C:$C,B89)+IF(L89>M89,IFERROR(INDEX(Matchs!$F$4:$F$31,MATCH(A89,Matchs!$A$4:$A$31,0)),0),0)) -> 0 | P89: =IF(AND(B89<>"",C89="Oui"),1,0) -> 0 | Q89: =IF(AND(B89<>"",E89="Oui"),1,0) -> 0
A90: =INT((ROW()-4)/24)+1 -> 4 | B90: =INDEX('Effectif Saison'!$E$4:$E$22,15) -> William SIMON | F90: =IF(B90="","",IF(AND(E90="Oui",COUNTIFS(Changements!$A:$A,A90,Changements!$D:$D,B90)>0),"⚠ Titulaire+entrée ?",IF(ABS(L90-M90)>1,"⚠ vérifier",""))) | G90: =IF(B90="","",IFERROR(INDEX('Effectif Saison'!$D$4:$D$51,MATCH(B90,'Effectif Saison'!$E$4:$E$51,0)),"")) -> Équipe 1 | H90: =IF(L90=0,"",IF(E90="Oui",0,IFERROR(_xlfn.MINIFS(Changements!$B:$B,Changements!$A:$A,A90,Changements!$D:$D,B90),""))) | I90: =IF(M90=0,"",IFERROR(_xlfn.MAXIFS(Changements!$B:$B,Changements!$A:$A,A90,Changements!$C:$C,B90),"")) | J90: =IF(OR(B90="",C90<>"Oui"),"",O90-N90) | K90: =IF(AND(B90<>"",ISNUMBER(J90)),1,0) -> 0 | L90: =IF(B90="",0,COUNTIFS(Changements!$A:$A,A90,Changements!$D:$D,B90)+IF(E90="Oui",1,0)) -> 0 | M90: =IF(B90="",0,COUNTIFS(Changements!$A:$A,A90,Changements!$C:$C,B90)) -> 0 | N90: =IF(B90="",0,SUMIFS(Changements!$B:$B,Changements!$A:$A,A90,Changements!$D:$D,B90)) -> 0 | O90: =IF(B90="",0,SUMIFS(Changements!$B:$B,Changements!$A:$A,A90,Changements!$C:$C,B90)+IF(L90>M90,IFERROR(INDEX(Matchs!$F$4:$F$31,MATCH(A90,Matchs!$A$4:$A$31,0)),0),0)) -> 0 | P90: =IF(AND(B90<>"",C90="Oui"),1,0) -> 0 | Q90: =IF(AND(B90<>"",E90="Oui"),1,0) -> 0
A91: =INT((ROW()-4)/24)+1 -> 4 | B91: =INDEX('Effectif Saison'!$E$4:$E$22,16) -> Lenny LEPPER | F91: =IF(B91="","",IF(AND(E91="Oui",COUNTIFS(Changements!$A:$A,A91,Changements!$D:$D,B91)>0),"⚠ Titulaire+entrée ?",IF(ABS(L91-M91)>1,"⚠ vérifier",""))) | G91: =IF(B91="","",IFERROR(INDEX('Effectif Saison'!$D$4:$D$51,MATCH(B91,'Effectif Saison'!$E$4:$E$51,0)),"")) -> Équipe 1 | H91: =IF(L91=0,"",IF(E91="Oui",0,IFERROR(_xlfn.MINIFS(Changements!$B:$B,Changements!$A:$A,A91,Changements!$D:$D,B91),""))) | I91: =IF(M91=0,"",IFERROR(_xlfn.MAXIFS(Changements!$B:$B,Changements!$A:$A,A91,Changements!$C:$C,B91),"")) | J91: =IF(OR(B91="",C91<>"Oui"),"",O91-N91) | K91: =IF(AND(B91<>"",ISNUMBER(J91)),1,0) -> 0 | L91: =IF(B91="",0,COUNTIFS(Changements!$A:$A,A91,Changements!$D:$D,B91)+IF(E91="Oui",1,0)) -> 0 | M91: =IF(B91="",0,COUNTIFS(Changements!$A:$A,A91,Changements!$C:$C,B91)) -> 0 | N91: =IF(B91="",0,SUMIFS(Changements!$B:$B,Changements!$A:$A,A91,Changements!$D:$D,B91)) -> 0 | O91: =IF(B91="",0,SUMIFS(Changements!$B:$B,Changements!$A:$A,A91,Changements!$C:$C,B91)+IF(L91>M91,IFERROR(INDEX(Matchs!$F$4:$F$31,MATCH(A91,Matchs!$A$4:$A$31,0)),0),0)) -> 0 | P91: =IF(AND(B91<>"",C91="Oui"),1,0) -> 0 | Q91: =IF(AND(B91<>"",E91="Oui"),1,0) -> 0
A92: =INT((ROW()-4)/24)+1 -> 4 | B92: =INDEX('Effectif Saison'!$E$4:$E$22,17) -> Malo KELLER | F92: =IF(B92="","",IF(AND(E92="Oui",COUNTIFS(Changements!$A:$A,A92,Changements!$D:$D,B92)>0),"⚠ Titulaire+entrée ?",IF(ABS(L92-M92)>1,"⚠ vérifier",""))) | G92: =IF(B92="","",IFERROR(INDEX('Effectif Saison'!$D$4:$D$51,MATCH(B92,'Effectif Saison'!$E$4:$E$51,0)),"")) -> Équipe 1 | H92: =IF(L92=0,"",IF(E92="Oui",0,IFERROR(_xlfn.MINIFS(Changements!$B:$B,Changements!$A:$A,A92,Changements!$D:$D,B92),""))) | I92: =IF(M92=0,"",IFERROR(_xlfn.MAXIFS(Changements!$B:$B,Changements!$A:$A,A92,Changements!$C:$C,B92),"")) | J92: =IF(OR(B92="",C92<>"Oui"),"",O92-N92) | K92: =IF(AND(B92<>"",ISNUMBER(J92)),1,0) -> 0 | L92: =IF(B92="",0,COUNTIFS(Changements!$A:$A,A92,Changements!$D:$D,B92)+IF(E92="Oui",1,0)) -> 0 | M92: =IF(B92="",0,COUNTIFS(Changements!$A:$A,A92,Changements!$C:$C,B92)) -> 0 | N92: =IF(B92="",0,SUMIFS(Changements!$B:$B,Changements!$A:$A,A92,Changements!$D:$D,B92)) -> 0 | O92: =IF(B92="",0,SUMIFS(Changements!$B:$B,Changements!$A:$A,A92,Changements!$C:$C,B92)+IF(L92>M92,IFERROR(INDEX(Matchs!$F$4:$F$31,MATCH(A92,Matchs!$A$4:$A$31,0)),0),0)) -> 0 | P92: =IF(AND(B92<>"",C92="Oui"),1,0) -> 0 | Q92: =IF(AND(B92<>"",E92="Oui"),1,0) -> 0
A93: =INT((ROW()-4)/24)+1 -> 4 | B93: =INDEX('Effectif Saison'!$E$4:$E$22,18) -> Tom SCHILLER | F93: =IF(B93="","",IF(AND(E93="Oui",COUNTIFS(Changements!$A:$A,A93,Changements!$D:$D,B93)>0),"⚠ Titulaire+entrée ?",IF(ABS(L93-M93)>1,"⚠ vérifier",""))) | G93: =IF(B93="","",IFERROR(INDEX('Effectif Saison'!$D$4:$D$51,MATCH(B93,'Effectif Saison'!$E$4:$E$51,0)),"")) -> Équipe 1 | H93: =IF(L93=0,"",IF(E93="Oui",0,IFERROR(_xlfn.MINIFS(Changements!$B:$B,Changements!$A:$A,A93,Changements!$D:$D,B93),""))) | I93: =IF(M93=0,"",IFERROR(_xlfn.MAXIFS(Changements!$B:$B,Changements!$A:$A,A93,Changements!$C:$C,B93),"")) | J93: =IF(OR(B93="",C93<>"Oui"),"",O93-N93) | K93: =IF(AND(B93<>"",ISNUMBER(J93)),1,0) -> 0 | L93: =IF(B93="",0,COUNTIFS(Changements!$A:$A,A93,Changements!$D:$D,B93)+IF(E93="Oui",1,0)) -> 0 | M93: =IF(B93="",0,COUNTIFS(Changements!$A:$A,A93,Changements!$C:$C,B93)) -> 0 | N93: =IF(B93="",0,SUMIFS(Changements!$B:$B,Changements!$A:$A,A93,Changements!$D:$D,B93)) -> 0 | O93: =IF(B93="",0,SUMIFS(Changements!$B:$B,Changements!$A:$A,A93,Changements!$C:$C,B93)+IF(L93>M93,IFERROR(INDEX(Matchs!$F$4:$F$31,MATCH(A93,Matchs!$A$4:$A$31,0)),0),0)) -> 0 | P93: =IF(AND(B93<>"",C93="Oui"),1,0) -> 0 | Q93: =IF(AND(B93<>"",E93="Oui"),1,0) -> 0
A94: =INT((ROW()-4)/24)+1 -> 4 | B94: =INDEX('Effectif Saison'!$E$4:$E$22,19) -> Eliot LEIBY | F94: =IF(B94="","",IF(AND(E94="Oui",COUNTIFS(Changements!$A:$A,A94,Changements!$D:$D,B94)>0),"⚠ Titulaire+entrée ?",IF(ABS(L94-M94)>1,"⚠ vérifier",""))) | G94: =IF(B94="","",IFERROR(INDEX('Effectif Saison'!$D$4:$D$51,MATCH(B94,'Effectif Saison'!$E$4:$E$51,0)),"")) -> Équipe 1 | H94: =IF(L94=0,"",IF(E94="Oui",0,IFERROR(_xlfn.MINIFS(Changements!$B:$B,Changements!$A:$A,A94,Changements!$D:$D,B94),""))) | I94: =IF(M94=0,"",IFERROR(_xlfn.MAXIFS(Changements!$B:$B,Changements!$A:$A,A94,Changements!$C:$C,B94),"")) | J94: =IF(OR(B94="",C94<>"Oui"),"",O94-N94) | K94: =IF(AND(B94<>"",ISNUMBER(J94)),1,0) -> 0 | L94: =IF(B94="",0,COUNTIFS(Changements!$A:$A,A94,Changements!$D:$D,B94)+IF(E94="Oui",1,0)) -> 0 | M94: =IF(B94="",0,COUNTIFS(Changements!$A:$A,A94,Changements!$C:$C,B94)) -> 0 | N94: =IF(B94="",0,SUMIFS(Changements!$B:$B,Changements!$A:$A,A94,Changements!$D:$D,B94)) -> 0 | O94: =IF(B94="",0,SUMIFS(Changements!$B:$B,Changements!$A:$A,A94,Changements!$C:$C,B94)+IF(L94>M94,IFERROR(INDEX(Matchs!$F$4:$F$31,MATCH(A94,Matchs!$A$4:$A$31,0)),0),0)) -> 0 | P94: =IF(AND(B94<>"",C94="Oui"),1,0) -> 0 | Q94: =IF(AND(B94<>"",E94="Oui"),1,0) -> 0
A95: =INT((ROW()-4)/24)+1 -> 4 | F95: =IF(B95="","",IF(AND(E95="Oui",COUNTIFS(Changements!$A:$A,A95,Changements!$D:$D,B95)>0),"⚠ Titulaire+entrée ?",IF(ABS(L95-M95)>1,"⚠ vérifier",""))) | G95: =IF(B95="","",IFERROR(INDEX('Effectif Saison'!$D$4:$D$51,MATCH(B95,'Effectif Saison'!$E$4:$E$51,0)),"")) | H95: =IF(L95=0,"",IF(E95="Oui",0,IFERROR(_xlfn.MINIFS(Changements!$B:$B,Changements!$A:$A,A95,Changements!$D:$D,B95),""))) | I95: =IF(M95=0,"",IFERROR(_xlfn.MAXIFS(Changements!$B:$B,Changements!$A:$A,A95,Changements!$C:$C,B95),"")) | J95: =IF(OR(B95="",C95<>"Oui"),"",O95-N95) | K95: =IF(AND(B95<>"",ISNUMBER(J95)),1,0) -> 0 | L95: =IF(B95="",0,COUNTIFS(Changements!$A:$A,A95,Changements!$D:$D,B95)+IF(E95="Oui",1,0)) -> 0 | M95: =IF(B95="",0,COUNTIFS(Changements!$A:$A,A95,Changements!$C:$C,B95)) -> 0 | N95: =IF(B95="",0,SUMIFS(Changements!$B:$B,Changements!$A:$A,A95,Changements!$D:$D,B95)) -> 0 | O95: =IF(B95="",0,SUMIFS(Changements!$B:$B,Changements!$A:$A,A95,Changements!$C:$C,B95)+IF(L95>M95,IFERROR(INDEX(Matchs!$F$4:$F$31,MATCH(A95,Matchs!$A$4:$A$31,0)),0),0)) -> 0 | P95: =IF(AND(B95<>"",C95="Oui"),1,0) -> 0 | Q95: =IF(AND(B95<>"",E95="Oui"),1,0) -> 0
A96: =INT((ROW()-4)/24)+1 -> 4 | F96: =IF(B96="","",IF(AND(E96="Oui",COUNTIFS(Changements!$A:$A,A96,Changements!$D:$D,B96)>0),"⚠ Titulaire+entrée ?",IF(ABS(L96-M96)>1,"⚠ vérifier",""))) | G96: =IF(B96="","",IFERROR(INDEX('Effectif Saison'!$D$4:$D$51,MATCH(B96,'Effectif Saison'!$E$4:$E$51,0)),"")) | H96: =IF(L96=0,"",IF(E96="Oui",0,IFERROR(_xlfn.MINIFS(Changements!$B:$B,Changements!$A:$A,A96,Changements!$D:$D,B96),""))) | I96: =IF(M96=0,"",IFERROR(_xlfn.MAXIFS(Changements!$B:$B,Changements!$A:$A,A96,Changements!$C:$C,B96),"")) | J96: =IF(OR(B96="",C96<>"Oui"),"",O96-N96) | K96: =IF(AND(B96<>"",ISNUMBER(J96)),1,0) -> 0 | L96: =IF(B96="",0,COUNTIFS(Changements!$A:$A,A96,Changements!$D:$D,B96)+IF(E96="Oui",1,0)) -> 0 | M96: =IF(B96="",0,COUNTIFS(Changements!$A:$A,A96,Changements!$C:$C,B96)) -> 0 | N96: =IF(B96="",0,SUMIFS(Changements!$B:$B,Changements!$A:$A,A96,Changements!$D:$D,B96)) -> 0 | O96: =IF(B96="",0,SUMIFS(Changements!$B:$B,Changements!$A:$A,A96,Changements!$C:$C,B96)+IF(L96>M96,IFERROR(INDEX(Matchs!$F$4:$F$31,MATCH(A96,Matchs!$A$4:$A$31,0)),0),0)) -> 0 | P96: =IF(AND(B96<>"",C96="Oui"),1,0) -> 0 | Q96: =IF(AND(B96<>"",E96="Oui"),1,0) -> 0
A97: =INT((ROW()-4)/24)+1 -> 4 | F97: =IF(B97="","",IF(AND(E97="Oui",COUNTIFS(Changements!$A:$A,A97,Changements!$D:$D,B97)>0),"⚠ Titulaire+entrée ?",IF(ABS(L97-M97)>1,"⚠ vérifier",""))) | G97: =IF(B97="","",IFERROR(INDEX('Effectif Saison'!$D$4:$D$51,MATCH(B97,'Effectif Saison'!$E$4:$E$51,0)),"")) | H97: =IF(L97=0,"",IF(E97="Oui",0,IFERROR(_xlfn.MINIFS(Changements!$B:$B,Changements!$A:$A,A97,Changements!$D:$D,B97),""))) | I97: =IF(M97=0,"",IFERROR(_xlfn.MAXIFS(Changements!$B:$B,Changements!$A:$A,A97,Changements!$C:$C,B97),"")) | J97: =IF(OR(B97="",C97<>"Oui"),"",O97-N97) | K97: =IF(AND(B97<>"",ISNUMBER(J97)),1,0) -> 0 | L97: =IF(B97="",0,COUNTIFS(Changements!$A:$A,A97,Changements!$D:$D,B97)+IF(E97="Oui",1,0)) -> 0 | M97: =IF(B97="",0,COUNTIFS(Changements!$A:$A,A97,Changements!$C:$C,B97)) -> 0 | N97: =IF(B97="",0,SUMIFS(Changements!$B:$B,Changements!$A:$A,A97,Changements!$D:$D,B97)) -> 0 | O97: =IF(B97="",0,SUMIFS(Changements!$B:$B,Changements!$A:$A,A97,Changements!$C:$C,B97)+IF(L97>M97,IFERROR(INDEX(Matchs!$F$4:$F$31,MATCH(A97,Matchs!$A$4:$A$31,0)),0),0)) -> 0 | P97: =IF(AND(B97<>"",C97="Oui"),1,0) -> 0 | Q97: =IF(AND(B97<>"",E97="Oui"),1,0) -> 0
A98: =INT((ROW()-4)/24)+1 -> 4 | F98: =IF(B98="","",IF(AND(E98="Oui",COUNTIFS(Changements!$A:$A,A98,Changements!$D:$D,B98)>0),"⚠ Titulaire+entrée ?",IF(ABS(L98-M98)>1,"⚠ vérifier",""))) | G98: =IF(B98="","",IFERROR(INDEX('Effectif Saison'!$D$4:$D$51,MATCH(B98,'Effectif Saison'!$E$4:$E$51,0)),"")) | H98: =IF(L98=0,"",IF(E98="Oui",0,IFERROR(_xlfn.MINIFS(Changements!$B:$B,Changements!$A:$A,A98,Changements!$D:$D,B98),""))) | I98: =IF(M98=0,"",IFERROR(_xlfn.MAXIFS(Changements!$B:$B,Changements!$A:$A,A98,Changements!$C:$C,B98),"")) | J98: =IF(OR(B98="",C98<>"Oui"),"",O98-N98) | K98: =IF(AND(B98<>"",ISNUMBER(J98)),1,0) -> 0 | L98: =IF(B98="",0,COUNTIFS(Changements!$A:$A,A98,Changements!$D:$D,B98)+IF(E98="Oui",1,0)) -> 0 | M98: =IF(B98="",0,COUNTIFS(Changements!$A:$A,A98,Changements!$C:$C,B98)) -> 0 | N98: =IF(B98="",0,SUMIFS(Changements!$B:$B,Changements!$A:$A,A98,Changements!$D:$D,B98)) -> 0 | O98: =IF(B98="",0,SUMIFS(Changements!$B:$B,Changements!$A:$A,A98,Changements!$C:$C,B98)+IF(L98>M98,IFERROR(INDEX(Matchs!$F$4:$F$31,MATCH(A98,Matchs!$A$4:$A$31,0)),0),0)) -> 0 | P98: =IF(AND(B98<>"",C98="Oui"),1,0) -> 0 | Q98: =IF(AND(B98<>"",E98="Oui"),1,0) -> 0
A99: =INT((ROW()-4)/24)+1 -> 4 | F99: =IF(B99="","",IF(AND(E99="Oui",COUNTIFS(Changements!$A:$A,A99,Changements!$D:$D,B99)>0),"⚠ Titulaire+entrée ?",IF(ABS(L99-M99)>1,"⚠ vérifier",""))) | G99: =IF(B99="","",IFERROR(INDEX('Effectif Saison'!$D$4:$D$51,MATCH(B99,'Effectif Saison'!$E$4:$E$51,0)),"")) | H99: =IF(L99=0,"",IF(E99="Oui",0,IFERROR(_xlfn.MINIFS(Changements!$B:$B,Changements!$A:$A,A99,Changements!$D:$D,B99),""))) | I99: =IF(M99=0,"",IFERROR(_xlfn.MAXIFS(Changements!$B:$B,Changements!$A:$A,A99,Changements!$C:$C,B99),"")) | J99: =IF(OR(B99="",C99<>"Oui"),"",O99-N99) | K99: =IF(AND(B99<>"",ISNUMBER(J99)),1,0) -> 0 | L99: =IF(B99="",0,COUNTIFS(Changements!$A:$A,A99,Changements!$D:$D,B99)+IF(E99="Oui",1,0)) -> 0 | M99: =IF(B99="",0,COUNTIFS(Changements!$A:$A,A99,Changements!$C:$C,B99)) -> 0 | N99: =IF(B99="",0,SUMIFS(Changements!$B:$B,Changements!$A:$A,A99,Changements!$D:$D,B99)) -> 0 | O99: =IF(B99="",0,SUMIFS(Changements!$B:$B,Changements!$A:$A,A99,Changements!$C:$C,B99)+IF(L99>M99,IFERROR(INDEX(Matchs!$F$4:$F$31,MATCH(A99,Matchs!$A$4:$A$31,0)),0),0)) -> 0 | P99: =IF(AND(B99<>"",C99="Oui"),1,0) -> 0 | Q99: =IF(AND(B99<>"",E99="Oui"),1,0) -> 0
A100: =INT((ROW()-4)/24)+1 -> 5 | B100: =INDEX('Effectif Saison'!$E$4:$E$22,1) -> Alan MICHON | F100: =IF(B100="","",IF(AND(E100="Oui",COUNTIFS(Changements!$A:$A,A100,Changements!$D:$D,B100)>0),"⚠ Titulaire+entrée ?",IF(ABS(L100-M100)>1,"⚠ vérifier",""))) | G100: =IF(B100="","",IFERROR(INDEX('Effectif Saison'!$D$4:$D$51,MATCH(B100,'Effectif Saison'!$E$4:$E$51,0)),"")) -> Équipe 1 | H100: =IF(L100=0,"",IF(E100="Oui",0,IFERROR(_xlfn.MINIFS(Changements!$B:$B,Changements!$A:$A,A100,Changements!$D:$D,B100),""))) | I100: =IF(M100=0,"",IFERROR(_xlfn.MAXIFS(Changements!$B:$B,Changements!$A:$A,A100,Changements!$C:$C,B100),"")) | J100: =IF(OR(B100="",C100<>"Oui"),"",O100-N100) | K100: =IF(AND(B100<>"",ISNUMBER(J100)),1,0) -> 0 | L100: =IF(B100="",0,COUNTIFS(Changements!$A:$A,A100,Changements!$D:$D,B100)+IF(E100="Oui",1,0)) -> 0 | M100: =IF(B100="",0,COUNTIFS(Changements!$A:$A,A100,Changements!$C:$C,B100)) -> 0 | N100: =IF(B100="",0,SUMIFS(Changements!$B:$B,Changements!$A:$A,A100,Changements!$D:$D,B100)) -> 0 | O100: =IF(B100="",0,SUMIFS(Changements!$B:$B,Changements!$A:$A,A100,Changements!$C:$C,B100)+IF(L100>M100,IFERROR(INDEX(Matchs!$F$4:$F$31,MATCH(A100,Matchs!$A$4:$A$31,0)),0),0)) -> 0 | P100: =IF(AND(B100<>"",C100="Oui"),1,0) -> 0 | Q100: =IF(AND(B100<>"",E100="Oui"),1,0) -> 0
...

Sheet Cumul Saison
A1: CUMUL SAISON (100% AUTOMATIQUE) | Y1: Matchs disputés (Équipe 2) cette saison :
A2: Cet onglet se met à jour tout seul à partir des autres onglets. Ne rien saisir ici. | Y2: =COUNTIFS(Matchs!$B$4:$B$31,"<>") -> 0
A4: Joueur | B4: Équipe | C4: Matchs joués | D4: Buts | E4: Dont tête | F4: Dont penalty | G4: Dont coup franc | H4: Passes décisives | I4: Cartons jaunes | J4: Cartons rouges | K4: Temps de jeu total (min) | L4: Convocations | M4: Titularisations | N4: Taux de convocation | O4: Taux de titularisation | P4: Temps de jeu moyen (min) | Q4: Absences - Non retenu | R4: Absences - Blessé/malade | S4: Absences - Pas venu entraînement | T4: Absences - Autre | U4: Matchs gardés | V4: Clean sheets | W4: Buts encaissés (gardien)
A5: ='Effectif Saison'!E4 -> Alan MICHON | B5: ='Effectif Saison'!D4 -> Équipe 1 | C5: =IF(A5="","",SUMIFS('Convocations & Temps de jeu'!$K$4:$K$675,'Convocations & Temps de jeu'!$B$4:$B$675,A5)) -> 0 | D5: =IF(A5="","",COUNTIF(Buts!$C$4:$C$151,A5)) -> 0 | E5: =IF(A5="","",COUNTIFS(Buts!$C$4:$C$151,A5,Buts!$F$4:$F$151,"Tête")) -> 0 | F5: =IF(A5="","",COUNTIFS(Buts!$C$4:$C$151,A5,Buts!$F$4:$F$151,"Penalty")) -> 0 | G5: =IF(A5="","",COUNTIFS(Buts!$C$4:$C$151,A5,Buts!$F$4:$F$151,"Coup franc")) -> 0 | H5: =IF(A5="","",COUNTIF(Buts!$D$4:$D$151,A5)) -> 0 | I5: =IF(A5="","",COUNTIFS(Cartons!$C$4:$C$121,A5,Cartons!$E$4:$E$121,"Jaune")) -> 0 | J5: =IF(A5="","",COUNTIFS(Cartons!$C$4:$C$121,A5,Cartons!$E$4:$E$121,"Rouge")) -> 0 | K5: =IF(A5="","",SUMIFS('Convocations & Temps de jeu'!$J$4:$J$675,'Convocations & Temps de jeu'!$B$4:$B$675,A5)) -> 0 | L5: =IF($A5="","",SUMIFS('Convocations & Temps de jeu'!$P$4:$P$675,'Convocations & Temps de jeu'!$B$4:$B$675,$A5)) -> 0 | M5: =IF($A5="","",SUMIFS('Convocations & Temps de jeu'!$Q$4:$Q$675,'Convocations & Temps de jeu'!$B$4:$B$675,$A5)) -> 0 | N5: =IF(OR($A5="",$Y$2=0),"",L5/$Y$2) | O5: =IF(OR($A5="",L5=0),"",M5/L5) | P5: =IF(OR($A5="",C5=0,C5=""),"",K5/C5) | Q5: =IF($A5="","",COUNTIFS('Convocations & Temps de jeu'!$B$4:$B$675,$A5,'Convocations & Temps de jeu'!$D$4:$D$675,"Non retenu")) -> 0 | R5: =IF($A5="","",COUNTIFS('Convocations & Temps de jeu'!$B$4:$B$675,$A5,'Convocations & Temps de jeu'!$D$4:$D$675,"Blessé/malade")) -> 0 | S5: =IF($A5="","",COUNTIFS('Convocations & Temps de jeu'!$B$4:$B$675,$A5,'Convocations & Temps de jeu'!$D$4:$D$675,"Pas venu à l'entraînement")) -> 0 | T5: =IF($A5="","",COUNTIFS('Convocations & Temps de jeu'!$B$4:$B$675,$A5,'Convocations & Temps de jeu'!$D$4:$D$675,"Autre")) -> 0 | U5: =IF($A5="","",COUNTIFS(Gardien!$B$4:$B$500,$A5)) -> 0 | V5: =IF($A5="","",COUNTIFS(Gardien!$B$4:$B$500,$A5,Gardien!$D$4:$D$500,"Oui")) -> 0 | W5: =IF($A5="","",SUMIFS(Gardien!$C$4:$C$500,Gardien!$B$4:$B$500,$A5)) -> 0
A6: ='Effectif Saison'!E5 -> Jean BRUNTZ | B6: ='Effectif Saison'!D5 -> Équipe 1 | C6: =IF(A6="","",SUMIFS('Convocations & Temps de jeu'!$K$4:$K$675,'Convocations & Temps de jeu'!$B$4:$B$675,A6)) -> 0 | D6: =IF(A6="","",COUNTIF(Buts!$C$4:$C$151,A6)) -> 0 | E6: =IF(A6="","",COUNTIFS(Buts!$C$4:$C$151,A6,Buts!$F$4:$F$151,"Tête")) -> 0 | F6: =IF(A6="","",COUNTIFS(Buts!$C$4:$C$151,A6,Buts!$F$4:$F$151,"Penalty")) -> 0 | G6: =IF(A6="","",COUNTIFS(Buts!$C$4:$C$151,A6,Buts!$F$4:$F$151,"Coup franc")) -> 0 | H6: =IF(A6="","",COUNTIF(Buts!$D$4:$D$151,A6)) -> 0 | I6: =IF(A6="","",COUNTIFS(Cartons!$C$4:$C$121,A6,Cartons!$E$4:$E$121,"Jaune")) -> 0 | J6: =IF(A6="","",COUNTIFS(Cartons!$C$4:$C$121,A6,Cartons!$E$4:$E$121,"Rouge")) -> 0 | K6: =IF(A6="","",SUMIFS('Convocations & Temps de jeu'!$J$4:$J$675,'Convocations & Temps de jeu'!$B$4:$B$675,A6)) -> 0 | L6: =IF($A6="","",SUMIFS('Convocations & Temps de jeu'!$P$4:$P$675,'Convocations & Temps de jeu'!$B$4:$B$675,$A6)) -> 0 | M6: =IF($A6="","",SUMIFS('Convocations & Temps de jeu'!$Q$4:$Q$675,'Convocations & Temps de jeu'!$B$4:$B$675,$A6)) -> 0 | N6: =IF(OR($A6="",$Y$2=0),"",L6/$Y$2) | O6: =IF(OR($A6="",L6=0),"",M6/L6) | P6: =IF(OR($A6="",C6=0,C6=""),"",K6/C6) | Q6: =IF($A6="","",COUNTIFS('Convocations & Temps de jeu'!$B$4:$B$675,$A6,'Convocations & Temps de jeu'!$D$4:$D$675,"Non retenu")) -> 0 | R6: =IF($A6="","",COUNTIFS('Convocations & Temps de jeu'!$B$4:$B$675,$A6,'Convocations & Temps de jeu'!$D$4:$D$675,"Blessé/malade")) -> 0 | S6: =IF($A6="","",COUNTIFS('Convocations & Temps de jeu'!$B$4:$B$675,$A6,'Convocations & Temps de jeu'!$D$4:$D$675,"Pas venu à l'entraînement")) -> 0 | T6: =IF($A6="","",COUNTIFS('Convocations & Temps de jeu'!$B$4:$B$675,$A6,'Convocations & Temps de jeu'!$D$4:$D$675,"Autre")) -> 0 | U6: =IF($A6="","",COUNTIFS(Gardien!$B$4:$B$500,$A6)) -> 0 | V6: =IF($A6="","",COUNTIFS(Gardien!$B$4:$B$500,$A6,Gardien!$D$4:$D$500,"Oui")) -> 0 | W6: =IF($A6="","",SUMIFS(Gardien!$C$4:$C$500,Gardien!$B$4:$B$500,$A6)) -> 0
A7: ='Effectif Saison'!E6 -> Marouane SBK | B7: ='Effectif Saison'!D6 -> Équipe 1 | C7: =IF(A7="","",SUMIFS('Convocations & Temps de jeu'!$K$4:$K$675,'Convocations & Temps de jeu'!$B$4:$B$675,A7)) -> 0 | D7: =IF(A7="","",COUNTIF(Buts!$C$4:$C$151,A7)) -> 0 | E7: =IF(A7="","",COUNTIFS(Buts!$C$4:$C$151,A7,Buts!$F$4:$F$151,"Tête")) -> 0 | F7: =IF(A7="","",COUNTIFS(Buts!$C$4:$C$151,A7,Buts!$F$4:$F$151,"Penalty")) -> 0 | G7: =IF(A7="","",COUNTIFS(Buts!$C$4:$C$151,A7,Buts!$F$4:$F$151,"Coup franc")) -> 0 | H7: =IF(A7="","",COUNTIF(Buts!$D$4:$D$151,A7)) -> 0 | I7: =IF(A7="","",COUNTIFS(Cartons!$C$4:$C$121,A7,Cartons!$E$4:$E$121,"Jaune")) -> 0 | J7: =IF(A7="","",COUNTIFS(Cartons!$C$4:$C$121,A7,Cartons!$E$4:$E$121,"Rouge")) -> 0 | K7: =IF(A7="","",SUMIFS('Convocations & Temps de jeu'!$J$4:$J$675,'Convocations & Temps de jeu'!$B$4:$B$675,A7)) -> 0 | L7: =IF($A7="","",SUMIFS('Convocations & Temps de jeu'!$P$4:$P$675,'Convocations & Temps de jeu'!$B$4:$B$675,$A7)) -> 0 | M7: =IF($A7="","",SUMIFS('Convocations & Temps de jeu'!$Q$4:$Q$675,'Convocations & Temps de jeu'!$B$4:$B$675,$A7)) -> 0 | N7: =IF(OR($A7="",$Y$2=0),"",L7/$Y$2) | O7: =IF(OR($A7="",L7=0),"",M7/L7) | P7: =IF(OR($A7="",C7=0,C7=""),"",K7/C7) | Q7: =IF($A7="","",COUNTIFS('Convocations & Temps de jeu'!$B$4:$B$675,$A7,'Convocations & Temps de jeu'!$D$4:$D$675,"Non retenu")) -> 0 | R7: =IF($A7="","",COUNTIFS('Convocations & Temps de jeu'!$B$4:$B$675,$A7,'Convocations & Temps de jeu'!$D$4:$D$675,"Blessé/malade")) -> 0 | S7: =IF($A7="","",COUNTIFS('Convocations & Temps de jeu'!$B$4:$B$675,$A7,'Convocations & Temps de jeu'!$D$4:$D$675,"Pas venu à l'entraînement")) -> 0 | T7: =IF($A7="","",COUNTIFS('Convocations & Temps de jeu'!$B$4:$B$675,$A7,'Convocations & Temps de jeu'!$D$4:$D$675,"Autre")) -> 0 | U7: =IF($A7="","",COUNTIFS(Gardien!$B$4:$B$500,$A7)) -> 0 | V7: =IF($A7="","",COUNTIFS(Gardien!$B$4:$B$500,$A7,Gardien!$D$4:$D$500,"Oui")) -> 0 | W7: =IF($A7="","",SUMIFS(Gardien!$C$4:$C$500,Gardien!$B$4:$B$500,$A7)) -> 0
A8: ='Effectif Saison'!E7 -> Noé BIHL | B8: ='Effectif Saison'!D7 -> Équipe 1 | C8: =IF(A8="","",SUMIFS('Convocations & Temps de jeu'!$K$4:$K$675,'Convocations & Temps de jeu'!$B$4:$B$675,A8)) -> 0 | D8: =IF(A8="","",COUNTIF(Buts!$C$4:$C$151,A8)) -> 0 | E8: =IF(A8="","",COUNTIFS(Buts!$C$4:$C$151,A8,Buts!$F$4:$F$151,"Tête")) -> 0 | F8: =IF(A8="","",COUNTIFS(Buts!$C$4:$C$151,A8,Buts!$F$4:$F$151,"Penalty")) -> 0 | G8: =IF(A8="","",COUNTIFS(Buts!$C$4:$C$151,A8,Buts!$F$4:$F$151,"Coup franc")) -> 0 | H8: =IF(A8="","",COUNTIF(Buts!$D$4:$D$151,A8)) -> 0 | I8: =IF(A8="","",COUNTIFS(Cartons!$C$4:$C$121,A8,Cartons!$E$4:$E$121,"Jaune")) -> 0 | J8: =IF(A8="","",COUNTIFS(Cartons!$C$4:$C$121,A8,Cartons!$E$4:$E$121,"Rouge")) -> 0 | K8: =IF(A8="","",SUMIFS('Convocations & Temps de jeu'!$J$4:$J$675,'Convocations & Temps de jeu'!$B$4:$B$675,A8)) -> 0 | L8: =IF($A8="","",SUMIFS('Convocations & Temps de jeu'!$P$4:$P$675,'Convocations & Temps de jeu'!$B$4:$B$675,$A8)) -> 0 | M8: =IF($A8="","",SUMIFS('Convocations & Temps de jeu'!$Q$4:$Q$675,'Convocations & Temps de jeu'!$B$4:$B$675,$A8)) -> 0 | N8: =IF(OR($A8="",$Y$2=0),"",L8/$Y$2) | O8: =IF(OR($A8="",L8=0),"",M8/L8) | P8: =IF(OR($A8="",C8=0,C8=""),"",K8/C8) | Q8: =IF($A8="","",COUNTIFS('Convocations & Temps de jeu'!$B$4:$B$675,$A8,'Convocations & Temps de jeu'!$D$4:$D$675,"Non retenu")) -> 0 | R8: =IF($A8="","",COUNTIFS('Convocations & Temps de jeu'!$B$4:$B$675,$A8,'Convocations & Temps de jeu'!$D$4:$D$675,"Blessé/malade")) -> 0 | S8: =IF($A8="","",COUNTIFS('Convocations & Temps de jeu'!$B$4:$B$675,$A8,'Convocations & Temps de jeu'!$D$4:$D$675,"Pas venu à l'entraînement")) -> 0 | T8: =IF($A8="","",COUNTIFS('Convocations & Temps de jeu'!$B$4:$B$675,$A8,'Convocations & Temps de jeu'!$D$4:$D$675,"Autre")) -> 0 | U8: =IF($A8="","",COUNTIFS(Gardien!$B$4:$B$500,$A8)) -> 0 | V8: =IF($A8="","",COUNTIFS(Gardien!$B$4:$B$500,$A8,Gardien!$D$4:$D$500,"Oui")) -> 0 | W8: =IF($A8="","",SUMIFS(Gardien!$C$4:$C$500,Gardien!$B$4:$B$500,$A8)) -> 0
A9: ='Effectif Saison'!E8 -> Luca COLAIANNI | B9: ='Effectif Saison'!D8 -> Équipe 1 | C9: =IF(A9="","",SUMIFS('Convocations & Temps de jeu'!$K$4:$K$675,'Convocations & Temps de jeu'!$B$4:$B$675,A9)) -> 0 | D9: =IF(A9="","",COUNTIF(Buts!$C$4:$C$151,A9)) -> 0 | E9: =IF(A9="","",COUNTIFS(Buts!$C$4:$C$151,A9,Buts!$F$4:$F$151,"Tête")) -> 0 | F9: =IF(A9="","",COUNTIFS(Buts!$C$4:$C$151,A9,Buts!$F$4:$F$151,"Penalty")) -> 0 | G9: =IF(A9="","",COUNTIFS(Buts!$C$4:$C$151,A9,Buts!$F$4:$F$151,"Coup franc")) -> 0 | H9: =IF(A9="","",COUNTIF(Buts!$D$4:$D$151,A9)) -> 0 | I9: =IF(A9="","",COUNTIFS(Cartons!$C$4:$C$121,A9,Cartons!$E$4:$E$121,"Jaune")) -> 0 | J9: =IF(A9="","",COUNTIFS(Cartons!$C$4:$C$121,A9,Cartons!$E$4:$E$121,"Rouge")) -> 0 | K9: =IF(A9="","",SUMIFS('Convocations & Temps de jeu'!$J$4:$J$675,'Convocations & Temps de jeu'!$B$4:$B$675,A9)) -> 0 | L9: =IF($A9="","",SUMIFS('Convocations & Temps de jeu'!$P$4:$P$675,'Convocations & Temps de jeu'!$B$4:$B$675,$A9)) -> 0 | M9: =IF($A9="","",SUMIFS('Convocations & Temps de jeu'!$Q$4:$Q$675,'Convocations & Temps de jeu'!$B$4:$B$675,$A9)) -> 0 | N9: =IF(OR($A9="",$Y$2=0),"",L9/$Y$2) | O9: =IF(OR($A9="",L9=0),"",M9/L9) | P9: =IF(OR($A9="",C9=0,C9=""),"",K9/C9) | Q9: =IF($A9="","",COUNTIFS('Convocations & Temps de jeu'!$B$4:$B$675,$A9,'Convocations & Temps de jeu'!$D$4:$D$675,"Non retenu")) -> 0 | R9: =IF($A9="","",COUNTIFS('Convocations & Temps de jeu'!$B$4:$B$675,$A9,'Convocations & Temps de jeu'!$D$4:$D$675,"Blessé/malade")) -> 0 | S9: =IF($A9="","",COUNTIFS('Convocations & Temps de jeu'!$B$4:$B$675,$A9,'Convocations & Temps de jeu'!$D$4:$D$675,"Pas venu à l'entraînement")) -> 0 | T9: =IF($A9="","",COUNTIFS('Convocations & Temps de jeu'!$B$4:$B$675,$A9,'Convocations & Temps de jeu'!$D$4:$D$675,"Autre")) -> 0 | U9: =IF($A9="","",COUNTIFS(Gardien!$B$4:$B$500,$A9)) -> 0 | V9: =IF($A9="","",COUNTIFS(Gardien!$B$4:$B$500,$A9,Gardien!$D$4:$D$500,"Oui")) -> 0 | W9: =IF($A9="","",SUMIFS(Gardien!$C$4:$C$500,Gardien!$B$4:$B$500,$A9)) -> 0
A10: ='Effectif Saison'!E9 -> Atilla ER | B10: ='Effectif Saison'!D9 -> Équipe 1 | C10: =IF(A10="","",SUMIFS('Convocations & Temps de jeu'!$K$4:$K$675,'Convocations & Temps de jeu'!$B$4:$B$675,A10)) -> 0 | D10: =IF(A10="","",COUNTIF(Buts!$C$4:$C$151,A10)) -> 0 | E10: =IF(A10="","",COUNTIFS(Buts!$C$4:$C$151,A10,Buts!$F$4:$F$151,"Tête")) -> 0 | F10: =IF(A10="","",COUNTIFS(Buts!$C$4:$C$151,A10,Buts!$F$4:$F$151,"Penalty")) -> 0 | G10: =IF(A10="","",COUNTIFS(Buts!$C$4:$C$151,A10,Buts!$F$4:$F$151,"Coup franc")) -> 0 | H10: =IF(A10="","",COUNTIF(Buts!$D$4:$D$151,A10)) -> 0 | I10: =IF(A10="","",COUNTIFS(Cartons!$C$4:$C$121,A10,Cartons!$E$4:$E$121,"Jaune")) -> 0 | J10: =IF(A10="","",COUNTIFS(Cartons!$C$4:$C$121,A10,Cartons!$E$4:$E$121,"Rouge")) -> 0 | K10: =IF(A10="","",SUMIFS('Convocations & Temps de jeu'!$J$4:$J$675,'Convocations & Temps de jeu'!$B$4:$B$675,A10)) -> 0 | L10: =IF($A10="","",SUMIFS('Convocations & Temps de jeu'!$P$4:$P$675,'Convocations & Temps de jeu'!$B$4:$B$675,$A10)) -> 0 | M10: =IF($A10="","",SUMIFS('Convocations & Temps de jeu'!$Q$4:$Q$675,'Convocations & Temps de jeu'!$B$4:$B$675,$A10)) -> 0 | N10: =IF(OR($A10="",$Y$2=0),"",L10/$Y$2) | O10: =IF(OR($A10="",L10=0),"",M10/L10) | P10: =IF(OR($A10="",C10=0,C10=""),"",K10/C10) | Q10: =IF($A10="","",COUNTIFS('Convocations & Temps de jeu'!$B$4:$B$675,$A10,'Convocations & Temps de jeu'!$D$4:$D$675,"Non retenu")) -> 0 | R10: =IF($A10="","",COUNTIFS('Convocations & Temps de jeu'!$B$4:$B$675,$A10,'Convocations & Temps de jeu'!$D$4:$D$675,"Blessé/malade")) -> 0 | S10: =IF($A10="","",COUNTIFS('Convocations & Temps de jeu'!$B$4:$B$675,$A10,'Convocations & Temps de jeu'!$D$4:$D$675,"Pas venu à l'entraînement")) -> 0 | T10: =IF($A10="","",COUNTIFS('Convocations & Temps de jeu'!$B$4:$B$675,$A10,'Convocations & Temps de jeu'!$D$4:$D$675,"Autre")) -> 0 | U10: =IF($A10="","",COUNTIFS(Gardien!$B$4:$B$500,$A10)) -> 0 | V10: =IF($A10="","",COUNTIFS(Gardien!$B$4:$B$500,$A10,Gardien!$D$4:$D$500,"Oui")) -> 0 | W10: =IF($A10="","",SUMIFS(Gardien!$C$4:$C$500,Gardien!$B$4:$B$500,$A10)) -> 0
A11: ='Effectif Saison'!E10 -> Lucas BUHR | B11: ='Effectif Saison'!D10 -> Équipe 1 | C11: =IF(A11="","",SUMIFS('Convocations & Temps de jeu'!$K$4:$K$675,'Convocations & Temps de jeu'!$B$4:$B$675,A11)) -> 0 | D11: =IF(A11="","",COUNTIF(Buts!$C$4:$C$151,A11)) -> 0 | E11: =IF(A11="","",COUNTIFS(Buts!$C$4:$C$151,A11,Buts!$F$4:$F$151,"Tête")) -> 0 | F11: =IF(A11="","",COUNTIFS(Buts!$C$4:$C$151,A11,Buts!$F$4:$F$151,"Penalty")) -> 0 | G11: =IF(A11="","",COUNTIFS(Buts!$C$4:$C$151,A11,Buts!$F$4:$F$151,"Coup franc")) -> 0 | H11: =IF(A11="","",COUNTIF(Buts!$D$4:$D$151,A11)) -> 0 | I11: =IF(A11="","",COUNTIFS(Cartons!$C$4:$C$121,A11,Cartons!$E$4:$E$121,"Jaune")) -> 0 | J11: =IF(A11="","",COUNTIFS(Cartons!$C$4:$C$121,A11,Cartons!$E$4:$E$121,"Rouge")) -> 0 | K11: =IF(A11="","",SUMIFS('Convocations & Temps de jeu'!$J$4:$J$675,'Convocations & Temps de jeu'!$B$4:$B$675,A11)) -> 0 | L11: =IF($A11="","",SUMIFS('Convocations & Temps de jeu'!$P$4:$P$675,'Convocations & Temps de jeu'!$B$4:$B$675,$A11)) -> 0 | M11: =IF($A11="","",SUMIFS('Convocations & Temps de jeu'!$Q$4:$Q$675,'Convocations & Temps de jeu'!$B$4:$B$675,$A11)) -> 0 | N11: =IF(OR($A11="",$Y$2=0),"",L11/$Y$2) | O11: =IF(OR($A11="",L11=0),"",M11/L11) | P11: =IF(OR($A11="",C11=0,C11=""),"",K11/C11) | Q11: =IF($A11="","",COUNTIFS('Convocations & Temps de jeu'!$B$4:$B$675,$A11,'Convocations & Temps de jeu'!$D$4:$D$675,"Non retenu")) -> 0 | R11: =IF($A11="","",COUNTIFS('Convocations & Temps de jeu'!$B$4:$B$675,$A11,'Convocations & Temps de jeu'!$D$4:$D$675,"Blessé/malade")) -> 0 | S11: =IF($A11="","",COUNTIFS('Convocations & Temps de jeu'!$B$4:$B$675,$A11,'Convocations & Temps de jeu'!$D$4:$D$675,"Pas venu à l'entraînement")) -> 0 | T11: =IF($A11="","",COUNTIFS('Convocations & Temps de jeu'!$B$4:$B$675,$A11,'Convocations & Temps de jeu'!$D$4:$D$675,"Autre")) -> 0 | U11: =IF($A11="","",COUNTIFS(Gardien!$B$4:$B$500,$A11)) -> 0 | V11: =IF($A11="","",COUNTIFS(Gardien!$B$4:$B$500,$A11,Gardien!$D$4:$D$500,"Oui")) -> 0 | W11: =IF($A11="","",SUMIFS(Gardien!$C$4:$C$500,Gardien!$B$4:$B$500,$A11)) -> 0
A12: ='Effectif Saison'!E11 -> Yanis HOUX | B12: ='Effectif Saison'!D11 -> Équipe 1 | C12: =IF(A12="","",SUMIFS('Convocations & Temps de jeu'!$K$4:$K$675,'Convocations & Temps de jeu'!$B$4:$B$675,A12)) -> 0 | D12: =IF(A12="","",COUNTIF(Buts!$C$4:$C$151,A12)) -> 0 | E12: =IF(A12="","",COUNTIFS(Buts!$C$4:$C$151,A12,Buts!$F$4:$F$151,"Tête")) -> 0 | F12: =IF(A12="","",COUNTIFS(Buts!$C$4:$C$151,A12,Buts!$F$4:$F$151,"Penalty")) -> 0 | G12: =IF(A12="","",COUNTIFS(Buts!$C$4:$C$151,A12,Buts!$F$4:$F$151,"Coup franc")) -> 0 | H12: =IF(A12="","",COUNTIF(Buts!$D$4:$D$151,A12)) -> 0 | I12: =IF(A12="","",COUNTIFS(Cartons!$C$4:$C$121,A12,Cartons!$E$4:$E$121,"Jaune")) -> 0 | J12: =IF(A12="","",COUNTIFS(Cartons!$C$4:$C$121,A12,Cartons!$E$4:$E$121,"Rouge")) -> 0 | K12: =IF(A12="","",SUMIFS('Convocations & Temps de jeu'!$J$4:$J$675,'Convocations & Temps de jeu'!$B$4:$B$675,A12)) -> 0 | L12: =IF($A12="","",SUMIFS('Convocations & Temps de jeu'!$P$4:$P$675,'Convocations & Temps de jeu'!$B$4:$B$675,$A12)) -> 0 | M12: =IF($A12="","",SUMIFS('Convocations & Temps de jeu'!$Q$4:$Q$675,'Convocations & Temps de jeu'!$B$4:$B$675,$A12)) -> 0 | N12: =IF(OR($A12="",$Y$2=0),"",L12/$Y$2) | O12: =IF(OR($A12="",L12=0),"",M12/L12) | P12: =IF(OR($A12="",C12=0,C12=""),"",K12/C12) | Q12: =IF($A12="","",COUNTIFS('Convocations & Temps de jeu'!$B$4:$B$675,$A12,'Convocations & Temps de jeu'!$D$4:$D$675,"Non retenu")) -> 0 | R12: =IF($A12="","",COUNTIFS('Convocations & Temps de jeu'!$B$4:$B$675,$A12,'Convocations & Temps de jeu'!$D$4:$D$675,"Blessé/malade")) -> 0 | S12: =IF($A12="","",COUNTIFS('Convocations & Temps de jeu'!$B$4:$B$675,$A12,'Convocations & Temps de jeu'!$D$4:$D$675,"Pas venu à l'entraînement")) -> 0 | T12: =IF($A12="","",COUNTIFS('Convocations & Temps de jeu'!$B$4:$B$675,$A12,'Convocations & Temps de jeu'!$D$4:$D$675,"Autre")) -> 0 | U12: =IF($A12="","",COUNTIFS(Gardien!$B$4:$B$500,$A12)) -> 0 | V12: =IF($A12="","",COUNTIFS(Gardien!$B$4:$B$500,$A12,Gardien!$D$4:$D$500,"Oui")) -> 0 | W12: =IF($A12="","",SUMIFS(Gardien!$C$4:$C$500,Gardien!$B$4:$B$500,$A12)) -> 0
A13: ='Effectif Saison'!E12 -> Tino COLAIANNI | B13: ='Effectif Saison'!D12 -> Équipe 1 | C13: =IF(A13="","",SUMIFS('Convocations & Temps de jeu'!$K$4:$K$675,'Convocations & Temps de jeu'!$B$4:$B$675,A13)) -> 0 | D13: =IF(A13="","",COUNTIF(Buts!$C$4:$C$151,A13)) -> 0 | E13: =IF(A13="","",COUNTIFS(Buts!$C$4:$C$151,A13,Buts!$F$4:$F$151,"Tête")) -> 0 | F13: =IF(A13="","",COUNTIFS(Buts!$C$4:$C$151,A13,Buts!$F$4:$F$151,"Penalty")) -> 0 | G13: =IF(A13="","",COUNTIFS(Buts!$C$4:$C$151,A13,Buts!$F$4:$F$151,"Coup franc")) -> 0 | H13: =IF(A13="","",COUNTIF(Buts!$D$4:$D$151,A13)) -> 0 | I13: =IF(A13="","",COUNTIFS(Cartons!$C$4:$C$121,A13,Cartons!$E$4:$E$121,"Jaune")) -> 0 | J13: =IF(A13="","",COUNTIFS(Cartons!$C$4:$C$121,A13,Cartons!$E$4:$E$121,"Rouge")) -> 0 | K13: =IF(A13="","",SUMIFS('Convocations & Temps de jeu'!$J$4:$J$675,'Convocations & Temps de jeu'!$B$4:$B$675,A13)) -> 0 | L13: =IF($A13="","",SUMIFS('Convocations & Temps de jeu'!$P$4:$P$675,'Convocations & Temps de jeu'!$B$4:$B$675,$A13)) -> 0 | M13: =IF($A13="","",SUMIFS('Convocations & Temps de jeu'!$Q$4:$Q$675,'Convocations & Temps de jeu'!$B$4:$B$675,$A13)) -> 0 | N13: =IF(OR($A13="",$Y$2=0),"",L13/$Y$2) | O13: =IF(OR($A13="",L13=0),"",M13/L13) | P13: =IF(OR($A13="",C13=0,C13=""),"",K13/C13) | Q13: =IF($A13="","",COUNTIFS('Convocations & Temps de jeu'!$B$4:$B$675,$A13,'Convocations & Temps de jeu'!$D$4:$D$675,"Non retenu")) -> 0 | R13: =IF($A13="","",COUNTIFS('Convocations & Temps de jeu'!$B$4:$B$675,$A13,'Convocations & Temps de jeu'!$D$4:$D$675,"Blessé/malade")) -> 0 | S13: =IF($A13="","",COUNTIFS('Convocations & Temps de jeu'!$B$4:$B$675,$A13,'Convocations & Temps de jeu'!$D$4:$D$675,"Pas venu à l'entraînement")) -> 0 | T13: =IF($A13="","",COUNTIFS('Convocations & Temps de jeu'!$B$4:$B$675,$A13,'Convocations & Temps de jeu'!$D$4:$D$675,"Autre")) -> 0 | U13: =IF($A13="","",COUNTIFS(Gardien!$B$4:$B$500,$A13)) -> 0 | V13: =IF($A13="","",COUNTIFS(Gardien!$B$4:$B$500,$A13,Gardien!$D$4:$D$500,"Oui")) -> 0 | W13: =IF($A13="","",SUMIFS(Gardien!$C$4:$C$500,Gardien!$B$4:$B$500,$A13)) -> 0
A14: ='Effectif Saison'!E13 -> Achille KELLERKNECHT | B14: ='Effectif Saison'!D13 -> Équipe 1 | C14: =IF(A14="","",SUMIFS('Convocations & Temps de jeu'!$K$4:$K$675,'Convocations & Temps de jeu'!$B$4:$B$675,A14)) -> 0 | D14: =IF(A14="","",COUNTIF(Buts!$C$4:$C$151,A14)) -> 0 | E14: =IF(A14="","",COUNTIFS(Buts!$C$4:$C$151,A14,Buts!$F$4:$F$151,"Tête")) -> 0 | F14: =IF(A14="","",COUNTIFS(Buts!$C$4:$C$151,A14,Buts!$F$4:$F$151,"Penalty")) -> 0 | G14: =IF(A14="","",COUNTIFS(Buts!$C$4:$C$151,A14,Buts!$F$4:$F$151,"Coup franc")) -> 0 | H14: =IF(A14="","",COUNTIF(Buts!$D$4:$D$151,A14)) -> 0 | I14: =IF(A14="","",COUNTIFS(Cartons!$C$4:$C$121,A14,Cartons!$E$4:$E$121,"Jaune")) -> 0 | J14: =IF(A14="","",COUNTIFS(Cartons!$C$4:$C$121,A14,Cartons!$E$4:$E$121,"Rouge")) -> 0 | K14: =IF(A14="","",SUMIFS('Convocations & Temps de jeu'!$J$4:$J$675,'Convocations & Temps de jeu'!$B$4:$B$675,A14)) -> 0 | L14: =IF($A14="","",SUMIFS('Convocations & Temps de jeu'!$P$4:$P$675,'Convocations & Temps de jeu'!$B$4:$B$675,$A14)) -> 0 | M14: =IF($A14="","",SUMIFS('Convocations & Temps de jeu'!$Q$4:$Q$675,'Convocations & Temps de jeu'!$B$4:$B$675,$A14)) -> 0 | N14: =IF(OR($A14="",$Y$2=0),"",L14/$Y$2) | O14: =IF(OR($A14="",L14=0),"",M14/L14) | P14: =IF(OR($A14="",C14=0,C14=""),"",K14/C14) | Q14: =IF($A14="","",COUNTIFS('Convocations & Temps de jeu'!$B$4:$B$675,$A14,'Convocations & Temps de jeu'!$D$4:$D$675,"Non retenu")) -> 0 | R14: =IF($A14="","",COUNTIFS('Convocations & Temps de jeu'!$B$4:$B$675,$A14,'Convocations & Temps de jeu'!$D$4:$D$675,"Blessé/malade")) -> 0 | S14: =IF($A14="","",COUNTIFS('Convocations & Temps de jeu'!$B$4:$B$675,$A14,'Convocations & Temps de jeu'!$D$4:$D$675,"Pas venu à l'entraînement")) -> 0 | T14: =IF($A14="","",COUNTIFS('Convocations & Temps de jeu'!$B$4:$B$675,$A14,'Convocations & Temps de jeu'!$D$4:$D$675,"Autre")) -> 0 | U14: =IF($A14="","",COUNTIFS(Gardien!$B$4:$B$500,$A14)) -> 0 | V14: =IF($A14="","",COUNTIFS(Gardien!$B$4:$B$500,$A14,Gardien!$D$4:$D$500,"Oui")) -> 0 | W14: =IF($A14="","",SUMIFS(Gardien!$C$4:$C$500,Gardien!$B$4:$B$500,$A14)) -> 0
A15: ='Effectif Saison'!E14 -> Charly LEPERT | B15: ='Effectif Saison'!D14 -> Équipe 1 | C15: =IF(A15="","",SUMIFS('Convocations & Temps de jeu'!$K$4:$K$675,'Convocations & Temps de jeu'!$B$4:$B$675,A15)) -> 0 | D15: =IF(A15="","",COUNTIF(Buts!$C$4:$C$151,A15)) -> 0 | E15: =IF(A15="","",COUNTIFS(Buts!$C$4:$C$151,A15,Buts!$F$4:$F$151,"Tête")) -> 0 | F15: =IF(A15="","",COUNTIFS(Buts!$C$4:$C$151,A15,Buts!$F$4:$F$151,"Penalty")) -> 0 | G15: =IF(A15="","",COUNTIFS(Buts!$C$4:$C$151,A15,Buts!$F$4:$F$151,"Coup franc")) -> 0 | H15: =IF(A15="","",COUNTIF(Buts!$D$4:$D$151,A15)) -> 0 | I15: =IF(A15="","",COUNTIFS(Cartons!$C$4:$C$121,A15,Cartons!$E$4:$E$121,"Jaune")) -> 0 | J15: =IF(A15="","",COUNTIFS(Cartons!$C$4:$C$121,A15,Cartons!$E$4:$E$121,"Rouge")) -> 0 | K15: =IF(A15="","",SUMIFS('Convocations & Temps de jeu'!$J$4:$J$675,'Convocations & Temps de jeu'!$B$4:$B$675,A15)) -> 0 | L15: =IF($A15="","",SUMIFS('Convocations & Temps de jeu'!$P$4:$P$675,'Convocations & Temps de jeu'!$B$4:$B$675,$A15)) -> 0 | M15: =IF($A15="","",SUMIFS('Convocations & Temps de jeu'!$Q$4:$Q$675,'Convocations & Temps de jeu'!$B$4:$B$675,$A15)) -> 0 | N15: =IF(OR($A15="",$Y$2=0),"",L15/$Y$2) | O15: =IF(OR($A15="",L15=0),"",M15/L15) | P15: =IF(OR($A15="",C15=0,C15=""),"",K15/C15) | Q15: =IF($A15="","",COUNTIFS('Convocations & Temps de jeu'!$B$4:$B$675,$A15,'Convocations & Temps de jeu'!$D$4:$D$675,"Non retenu")) -> 0 | R15: =IF($A15="","",COUNTIFS('Convocations & Temps de jeu'!$B$4:$B$675,$A15,'Convocations & Temps de jeu'!$D$4:$D$675,"Blessé/malade")) -> 0 | S15: =IF($A15="","",COUNTIFS('Convocations & Temps de jeu'!$B$4:$B$675,$A15,'Convocations & Temps de jeu'!$D$4:$D$675,"Pas venu à l'entraînement")) -> 0 | T15: =IF($A15="","",COUNTIFS('Convocations & Temps de jeu'!$B$4:$B$675,$A15,'Convocations & Temps de jeu'!$D$4:$D$675,"Autre")) -> 0 | U15: =IF($A15="","",COUNTIFS(Gardien!$B$4:$B$500,$A15)) -> 0 | V15: =IF($A15="","",COUNTIFS(Gardien!$B$4:$B$500,$A15,Gardien!$D$4:$D$500,"Oui")) -> 0 | W15: =IF($A15="","",SUMIFS(Gardien!$C$4:$C$500,Gardien!$B$4:$B$500,$A15)) -> 0
A16: ='Effectif Saison'!E15 -> Basile STANGRET | B16: ='Effectif Saison'!D15 -> Équipe 1 | C16: =IF(A16="","",SUMIFS('Convocations & Temps de jeu'!$K$4:$K$675,'Convocations & Temps de jeu'!$B$4:$B$675,A16)) -> 0 | D16: =IF(A16="","",COUNTIF(Buts!$C$4:$C$151,A16)) -> 0 | E16: =IF(A16="","",COUNTIFS(Buts!$C$4:$C$151,A16,Buts!$F$4:$F$151,"Tête")) -> 0 | F16: =IF(A16="","",COUNTIFS(Buts!$C$4:$C$151,A16,Buts!$F$4:$F$151,"Penalty")) -> 0 | G16: =IF(A16="","",COUNTIFS(Buts!$C$4:$C$151,A16,Buts!$F$4:$F$151,"Coup franc")) -> 0 | H16: =IF(A16="","",COUNTIF(Buts!$D$4:$D$151,A16)) -> 0 | I16: =IF(A16="","",COUNTIFS(Cartons!$C$4:$C$121,A16,Cartons!$E$4:$E$121,"Jaune")) -> 0 | J16: =IF(A16="","",COUNTIFS(Cartons!$C$4:$C$121,A16,Cartons!$E$4:$E$121,"Rouge")) -> 0 | K16: =IF(A16="","",SUMIFS('Convocations & Temps de jeu'!$J$4:$J$675,'Convocations & Temps de jeu'!$B$4:$B$675,A16)) -> 0 | L16: =IF($A16="","",SUMIFS('Convocations & Temps de jeu'!$P$4:$P$675,'Convocations & Temps de jeu'!$B$4:$B$675,$A16)) -> 0 | M16: =IF($A16="","",SUMIFS('Convocations & Temps de jeu'!$Q$4:$Q$675,'Convocations & Temps de jeu'!$B$4:$B$675,$A16)) -> 0 | N16: =IF(OR($A16="",$Y$2=0),"",L16/$Y$2) | O16: =IF(OR($A16="",L16=0),"",M16/L16) | P16: =IF(OR($A16="",C16=0,C16=""),"",K16/C16) | Q16: =IF($A16="","",COUNTIFS('Convocations & Temps de jeu'!$B$4:$B$675,$A16,'Convocations & Temps de jeu'!$D$4:$D$675,"Non retenu")) -> 0 | R16: =IF($A16="","",COUNTIFS('Convocations & Temps de jeu'!$B$4:$B$675,$A16,'Convocations & Temps de jeu'!$D$4:$D$675,"Blessé/malade")) -> 0 | S16: =IF($A16="","",COUNTIFS('Convocations & Temps de jeu'!$B$4:$B$675,$A16,'Convocations & Temps de jeu'!$D$4:$D$675,"Pas venu à l'entraînement")) -> 0 | T16: =IF($A16="","",COUNTIFS('Convocations & Temps de jeu'!$B$4:$B$675,$A16,'Convocations & Temps de jeu'!$D$4:$D$675,"Autre")) -> 0 | U16: =IF($A16="","",COUNTIFS(Gardien!$B$4:$B$500,$A16)) -> 0 | V16: =IF($A16="","",COUNTIFS(Gardien!$B$4:$B$500,$A16,Gardien!$D$4:$D$500,"Oui")) -> 0 | W16: =IF($A16="","",SUMIFS(Gardien!$C$4:$C$500,Gardien!$B$4:$B$500,$A16)) -> 0
... A52: ='Effectif Saison'!E51 | B52: ='Effectif Saison'!D51 -> 0 | C52: =IF(A52="","",SUMIFS('Convocations & Temps de jeu'!$K$4:$K$675,'Convocations & Temps de jeu'!$B$4:$B$675,A52)) -> 0 | D52: =IF(A52="","",COUNTIF(Buts!$C$4:$C$151,A52)) -> 0 | E52: =IF(A52="","",COUNTIFS(Buts!$C$4:$C$151,A52,Buts!$F$4:$F$151,"Tête")) -> 0 | F52: =IF(A52="","",COUNTIFS(Buts!$C$4:$C$151,A52,Buts!$F$4:$F$151,"Penalty")) -> 0 | G52: =IF(A52="","",COUNTIFS(Buts!$C$4:$C$151,A52,Buts!$F$4:$F$151,"Coup franc")) -> 0 | H52: =IF(A52="","",COUNTIF(Buts!$D$4:$D$151,A52)) -> 0 | I52: =IF(A52="","",COUNTIFS(Cartons!$C$4:$C$121,A52,Cartons!$E$4:$E$121,"Jaune")) -> 0 | J52: =IF(A52="","",COUNTIFS(Cartons!$C$4:$C$121,A52,Cartons!$E$4:$E$121,"Rouge")) -> 0 | K52: =IF(A52="","",SUMIFS('Convocations & Temps de jeu'!$J$4:$J$675,'Convocations & Temps de jeu'!$B$4:$B$675,A52)) -> 0 | L52: =IF($A52="","",SUMIFS('Convocations & Temps de jeu'!$P$4:$P$675,'Convocations & Temps de jeu'!$B$4:$B$675,$A52)) -> 0 | M52: =IF($A52="","",SUMIFS('Convocations & Temps de jeu'!$Q$4:$Q$675,'Convocations & Temps de jeu'!$B$4:$B$675,$A52)) -> 0 | N52: =IF(OR($A52="",$Y$2=0),"",L52/$Y$2) | O52: =IF(OR($A52="",L52=0),"",M52/L52) | P52: =IF(OR($A52="",C52=0,C52=""),"",K52/C52) | Q52: =IF($A52="","",COUNTIFS('Convocations & Temps de jeu'!$B$4:$B$675,$A52,'Convocations & Temps de jeu'!$D$4:$D$675,"Non retenu")) -> 0 | R52: =IF($A52="","",COUNTIFS('Convocations & Temps de jeu'!$B$4:$B$675,$A52,'Convocations & Temps de jeu'!$D$4:$D$675,"Blessé/malade")) -> 0 | S52: =IF($A52="","",COUNTIFS('Convocations & Temps de jeu'!$B$4:$B$675,$A52,'Convocations & Temps de jeu'!$D$4:$D$675,"Pas venu à l'entraînement")) -> 0 | T52: =IF($A52="","",COUNTIFS('Convocations & Temps de jeu'!$B$4:$B$675,$A52,'Convocations & Temps de jeu'!$D$4:$D$675,"Autre")) -> 0 | U52: =IF($A52="","",COUNTIFS(Gardien!$B$4:$B$500,$A52)) -> 0 | V52: =IF($A52="","",COUNTIFS(Gardien!$B$4:$B$500,$A52,Gardien!$D$4:$D$500,"Oui")) -> 0 | W52: =IF($A52="","",SUMIFS(Gardien!$C$4:$C$500,Gardien!$B$4:$B$500,$A52)) -> 0
